mark,group,bin,position_bp,row_entropy
H3K4me3,A549 G4+ promoter,0,5.0,4.430530071258545
H3K4me3,A549 G4+ promoter,1,15.0,4.429784774780273
H3K4me3,A549 G4+ promoter,2,25.0,4.429043769836426
H3K4me3,A549 G4+ promoter,3,35.0,4.427894115447998
H3K4me3,A549 G4+ promoter,4,45.0,4.426327228546143
H3K4me3,A549 G4+ promoter,5,55.0,4.425168991088867
H3K4me3,A549 G4+ promoter,6,65.0,4.425214767456055
H3K4me3,A549 G4+ promoter,7,75.0,4.424940586090088
H3K4me3,A549 G4+ promoter,8,85.0,4.424598693847656
H3K4me3,A549 G4+ promoter,9,95.0,4.423930644989014
H3K4me3,A549 G4+ promoter,10,105.0,4.422849655151367
H3K4me3,A549 G4+ promoter,11,115.0,4.420626163482666
H3K4me3,A549 G4+ promoter,12,125.0,4.419843673706055
H3K4me3,A549 G4+ promoter,13,135.0,4.41945743560791
H3K4me3,A549 G4+ promoter,14,145.0,4.419521808624268
H3K4me3,A549 G4+ promoter,15,155.0,4.419551849365234
H3K4me3,A549 G4+ promoter,16,165.0,4.418830871582031
H3K4me3,A549 G4+ promoter,17,175.0,4.417928695678711
H3K4me3,A549 G4+ promoter,18,185.0,4.417688846588135
H3K4me3,A549 G4+ promoter,19,195.0,4.41657829284668
H3K4me3,A549 G4+ promoter,20,205.0,4.414618492126465
H3K4me3,A549 G4+ promoter,21,215.0,4.415279865264893
H3K4me3,A549 G4+ promoter,22,225.0,4.415761947631836
H3K4me3,A549 G4+ promoter,23,235.0,4.418097496032715
H3K4me3,A549 G4+ promoter,24,245.0,4.419241905212402
H3K4me3,A549 G4+ promoter,25,255.0,4.420120716094971
H3K4me3,A549 G4+ promoter,26,265.0,4.4215898513793945
H3K4me3,A549 G4+ promoter,27,275.0,4.421658039093018
H3K4me3,A549 G4+ promoter,28,285.0,4.424234390258789
H3K4me3,A549 G4+ promoter,29,295.0,4.427010536193848
H3K4me3,A549 G4+ promoter,30,305.0,4.429566860198975
H3K4me3,A549 G4+ promoter,31,315.0,4.434508323669434
H3K4me3,A549 G4+ promoter,32,325.0,4.4394378662109375
H3K4me3,A549 G4+ promoter,33,335.0,4.443823337554932
H3K4me3,A549 G4+ promoter,34,345.0,4.446084022521973
H3K4me3,A549 G4+ promoter,35,355.0,4.445678234100342
H3K4me3,A549 G4+ promoter,36,365.0,4.444497108459473
H3K4me3,A549 G4+ promoter,37,375.0,4.444512367248535
H3K4me3,A549 G4+ promoter,38,385.0,4.444973468780518
H3K4me3,A549 G4+ promoter,39,395.0,4.4481120109558105
H3K4me3,A549 G4+ promoter,40,405.0,4.450643539428711
H3K4me3,A549 G4+ promoter,41,415.0,4.448321342468262
H3K4me3,A549 G4+ promoter,42,425.0,4.4446282386779785
H3K4me3,A549 G4+ promoter,43,435.0,4.441762447357178
H3K4me3,A549 G4+ promoter,44,445.0,4.438625335693359
H3K4me3,A549 G4+ promoter,45,455.0,4.439853668212891
H3K4me3,A549 G4+ promoter,46,465.0,4.441223621368408
H3K4me3,A549 G4+ promoter,47,475.0,4.447319984436035
H3K4me3,A549 G4+ promoter,48,485.0,4.442510604858398
H3K4me3,A549 G4+ promoter,49,495.0,4.42924165725708
H3K4me3,A549 G4+ promoter,50,505.0,4.428518295288086
H3K4me3,A549 G4+ promoter,51,515.0,4.443155288696289
H3K4me3,A549 G4+ promoter,52,525.0,4.451220989227295
H3K4me3,A549 G4+ promoter,53,535.0,4.4506449699401855
H3K4me3,A549 G4+ promoter,54,545.0,4.449463367462158
H3K4me3,A549 G4+ promoter,55,555.0,4.44783878326416
H3K4me3,A549 G4+ promoter,56,565.0,4.4478020668029785
H3K4me3,A549 G4+ promoter,57,575.0,4.447868824005127
H3K4me3,A549 G4+ promoter,58,585.0,4.447902679443359
H3K4me3,A549 G4+ promoter,59,595.0,4.447728633880615
H3K4me3,A549 G4+ promoter,60,605.0,4.447004795074463
H3K4me3,A549 G4+ promoter,61,615.0,4.445694923400879
H3K4me3,A549 G4+ promoter,62,625.0,4.443488597869873
H3K4me3,A549 G4+ promoter,63,635.0,4.441991806030273
H3K4me3,A549 G4+ promoter,64,645.0,4.443212509155273
H3K4me3,A549 G4+ promoter,65,655.0,4.443262100219727
H3K4me3,A549 G4+ promoter,66,665.0,4.439383029937744
H3K4me3,A549 G4+ promoter,67,675.0,4.433710098266602
H3K4me3,A549 G4+ promoter,68,685.0,4.424551486968994
H3K4me3,A549 G4+ promoter,69,695.0,4.415012359619141
H3K4me3,A549 G4+ promoter,70,705.0,4.406699180603027
H3K4me3,A549 G4+ promoter,71,715.0,4.402612209320068
H3K4me3,A549 G4+ promoter,72,725.0,4.399856090545654
H3K4me3,A549 G4+ promoter,73,735.0,4.40043306350708
H3K4me3,A549 G4+ promoter,74,745.0,4.402451515197754
H3K4me3,A549 G4+ promoter,75,755.0,4.4036641120910645
H3K4me3,A549 G4+ promoter,76,765.0,4.403042316436768
H3K4me3,A549 G4+ promoter,77,775.0,4.4038825035095215
H3K4me3,A549 G4+ promoter,78,785.0,4.403708457946777
H3K4me3,A549 G4+ promoter,79,795.0,4.403655529022217
H3K4me3,A549 G4+ promoter,80,805.0,4.402764320373535
H3K4me3,A549 G4+ promoter,81,815.0,4.402118682861328
H3K4me3,A549 G4+ promoter,82,825.0,4.403357028961182
H3K4me3,A549 G4+ promoter,83,835.0,4.405172348022461
H3K4me3,A549 G4+ promoter,84,845.0,4.405283451080322
H3K4me3,A549 G4+ promoter,85,855.0,4.406014919281006
H3K4me3,A549 G4+ promoter,86,865.0,4.4055962562561035
H3K4me3,A549 G4+ promoter,87,875.0,4.4050188064575195
H3K4me3,A549 G4+ promoter,88,885.0,4.403767108917236
H3K4me3,A549 G4+ promoter,89,895.0,4.403045177459717
H3K4me3,A549 G4+ promoter,90,905.0,4.402624607086182
H3K4me3,A549 G4+ promoter,91,915.0,4.402355670928955
H3K4me3,A549 G4+ promoter,92,925.0,4.401219367980957
H3K4me3,A549 G4+ promoter,93,935.0,4.398616790771484
H3K4me3,A549 G4+ promoter,94,945.0,4.395476818084717
H3K4me3,A549 G4+ promoter,95,955.0,4.393104076385498
H3K4me3,A549 G4+ promoter,96,965.0,4.392771244049072
H3K4me3,A549 G4+ promoter,97,975.0,4.395564079284668
H3K4me3,A549 G4+ promoter,98,985.0,4.401237964630127
H3K4me3,A549 G4+ promoter,99,995.0,4.407773017883301
H3K4me3,A549 G4+ enhancer,0,5.0,4.37776517868042
H3K4me3,A549 G4+ enhancer,1,15.0,4.378218173980713
H3K4me3,A549 G4+ enhancer,2,25.0,4.377826690673828
H3K4me3,A549 G4+ enhancer,3,35.0,4.376049518585205
H3K4me3,A549 G4+ enhancer,4,45.0,4.373805046081543
H3K4me3,A549 G4+ enhancer,5,55.0,4.372754096984863
H3K4me3,A549 G4+ enhancer,6,65.0,4.373584747314453
H3K4me3,A549 G4+ enhancer,7,75.0,4.373170375823975
H3K4me3,A549 G4+ enhancer,8,85.0,4.371469020843506
H3K4me3,A549 G4+ enhancer,9,95.0,4.37022590637207
H3K4me3,A549 G4+ enhancer,10,105.0,4.369448184967041
H3K4me3,A549 G4+ enhancer,11,115.0,4.366250038146973
H3K4me3,A549 G4+ enhancer,12,125.0,4.364658355712891
H3K4me3,A549 G4+ enhancer,13,135.0,4.363560676574707
H3K4me3,A549 G4+ enhancer,14,145.0,4.3609538078308105
H3K4me3,A549 G4+ enhancer,15,155.0,4.359066486358643
H3K4me3,A549 G4+ enhancer,16,165.0,4.358579158782959
H3K4me3,A549 G4+ enhancer,17,175.0,4.356729030609131
H3K4me3,A549 G4+ enhancer,18,185.0,4.356978893280029
H3K4me3,A549 G4+ enhancer,19,195.0,4.3543524742126465
H3K4me3,A549 G4+ enhancer,20,205.0,4.352513790130615
H3K4me3,A549 G4+ enhancer,21,215.0,4.353904724121094
H3K4me3,A549 G4+ enhancer,22,225.0,4.3556599617004395
H3K4me3,A549 G4+ enhancer,23,235.0,4.360839366912842
H3K4me3,A549 G4+ enhancer,24,245.0,4.364260673522949
H3K4me3,A549 G4+ enhancer,25,255.0,4.365136623382568
H3K4me3,A549 G4+ enhancer,26,265.0,4.367220401763916
H3K4me3,A549 G4+ enhancer,27,275.0,4.367809295654297
H3K4me3,A549 G4+ enhancer,28,285.0,4.372217178344727
H3K4me3,A549 G4+ enhancer,29,295.0,4.375001907348633
H3K4me3,A549 G4+ enhancer,30,305.0,4.382671356201172
H3K4me3,A549 G4+ enhancer,31,315.0,4.389236927032471
H3K4me3,A549 G4+ enhancer,32,325.0,4.3926100730896
H3K4me3,A549 G4+ enhancer,33,335.0,4.403771877288818
H3K4me3,A549 G4+ enhancer,34,345.0,4.407306671142578
H3K4me3,A549 G4+ enhancer,35,355.0,4.407319068908691
H3K4me3,A549 G4+ enhancer,36,365.0,4.405313968658447
H3K4me3,A549 G4+ enhancer,37,375.0,4.4025068283081055
H3K4me3,A549 G4+ enhancer,38,385.0,4.404532432556152
H3K4me3,A549 G4+ enhancer,39,395.0,4.409772872924805
H3K4me3,A549 G4+ enhancer,40,405.0,4.413933753967285
H3K4me3,A549 G4+ enhancer,41,415.0,4.410452365875244
H3K4me3,A549 G4+ enhancer,42,425.0,4.406815528869629
H3K4me3,A549 G4+ enhancer,43,435.0,4.400152206420898
H3K4me3,A549 G4+ enhancer,44,445.0,4.396053314208984
H3K4me3,A549 G4+ enhancer,45,455.0,4.398200988769531
H3K4me3,A549 G4+ enhancer,46,465.0,4.402005672454834
H3K4me3,A549 G4+ enhancer,47,475.0,4.406615734100342
H3K4me3,A549 G4+ enhancer,48,485.0,4.401088237762451
H3K4me3,A549 G4+ enhancer,49,495.0,4.386999130249023
H3K4me3,A549 G4+ enhancer,50,505.0,4.384394645690918
H3K4me3,A549 G4+ enhancer,51,515.0,4.404217720031738
H3K4me3,A549 G4+ enhancer,52,525.0,4.412564754486084
H3K4me3,A549 G4+ enhancer,53,535.0,4.413481712341309
H3K4me3,A549 G4+ enhancer,54,545.0,4.4117913246154785
H3K4me3,A549 G4+ enhancer,55,555.0,4.4114861488342285
H3K4me3,A549 G4+ enhancer,56,565.0,4.408125400543213
H3K4me3,A549 G4+ enhancer,57,575.0,4.409651279449463
H3K4me3,A549 G4+ enhancer,58,585.0,4.411415100097656
H3K4me3,A549 G4+ enhancer,59,595.0,4.409760475158691
H3K4me3,A549 G4+ enhancer,60,605.0,4.4078898429870605
H3K4me3,A549 G4+ enhancer,61,615.0,4.402941703796387
H3K4me3,A549 G4+ enhancer,62,625.0,4.400623798370361
H3K4me3,A549 G4+ enhancer,63,635.0,4.39723539352417
H3K4me3,A549 G4+ enhancer,64,645.0,4.395907878875732
H3K4me3,A549 G4+ enhancer,65,655.0,4.395508289337158
H3K4me3,A549 G4+ enhancer,66,665.0,4.3964056968688965
H3K4me3,A549 G4+ enhancer,67,675.0,4.385194301605225
H3K4me3,A549 G4+ enhancer,68,685.0,4.368591785430908
H3K4me3,A549 G4+ enhancer,69,695.0,4.351621150970459
H3K4me3,A549 G4+ enhancer,70,705.0,4.33477258682251
H3K4me3,A549 G4+ enhancer,71,715.0,4.325832366943359
H3K4me3,A549 G4+ enhancer,72,725.0,4.322745323181152
H3K4me3,A549 G4+ enhancer,73,735.0,4.323686122894287
H3K4me3,A549 G4+ enhancer,74,745.0,4.325089454650879
H3K4me3,A549 G4+ enhancer,75,755.0,4.329743385314941
H3K4me3,A549 G4+ enhancer,76,765.0,4.330572605133057
H3K4me3,A549 G4+ enhancer,77,775.0,4.332197666168213
H3K4me3,A549 G4+ enhancer,78,785.0,4.331264495849609
H3K4me3,A549 G4+ enhancer,79,795.0,4.333242893218994
H3K4me3,A549 G4+ enhancer,80,805.0,4.3311967849731445
H3K4me3,A549 G4+ enhancer,81,815.0,4.3316755294799805
H3K4me3,A549 G4+ enhancer,82,825.0,4.332446098327637
H3K4me3,A549 G4+ enhancer,83,835.0,4.332184791564941
H3K4me3,A549 G4+ enhancer,84,845.0,4.336174011230469
H3K4me3,A549 G4+ enhancer,85,855.0,4.337891578674316
H3K4me3,A549 G4+ enhancer,86,865.0,4.336949825286865
H3K4me3,A549 G4+ enhancer,87,875.0,4.336952209472656
H3K4me3,A549 G4+ enhancer,88,885.0,4.3323283195495605
H3K4me3,A549 G4+ enhancer,89,895.0,4.330352783203125
H3K4me3,A549 G4+ enhancer,90,905.0,4.326735496520996
H3K4me3,A549 G4+ enhancer,91,915.0,4.326953887939453
H3K4me3,A549 G4+ enhancer,92,925.0,4.323768615722656
H3K4me3,A549 G4+ enhancer,93,935.0,4.317132949829102
H3K4me3,A549 G4+ enhancer,94,945.0,4.310304641723633
H3K4me3,A549 G4+ enhancer,95,955.0,4.303864002227783
H3K4me3,A549 G4+ enhancer,96,965.0,4.304100036621094
H3K4me3,A549 G4+ enhancer,97,975.0,4.30761194229126
H3K4me3,A549 G4+ enhancer,98,985.0,4.320507526397705
H3K4me3,A549 G4+ enhancer,99,995.0,4.335869789123535
H3K4me3,HEK293T G4+ promoter,0,5.0,4.443999767303467
H3K4me3,HEK293T G4+ promoter,1,15.0,4.443304538726807
H3K4me3,HEK293T G4+ promoter,2,25.0,4.442108631134033
H3K4me3,HEK293T G4+ promoter,3,35.0,4.441275596618652
H3K4me3,HEK293T G4+ promoter,4,45.0,4.438694000244141
H3K4me3,HEK293T G4+ promoter,5,55.0,4.438045978546143
H3K4me3,HEK293T G4+ promoter,6,65.0,4.4376654624938965
H3K4me3,HEK293T G4+ promoter,7,75.0,4.437591075897217
H3K4me3,HEK293T G4+ promoter,8,85.0,4.437010765075684
H3K4me3,HEK293T G4+ promoter,9,95.0,4.436037063598633
H3K4me3,HEK293T G4+ promoter,10,105.0,4.435202598571777
H3K4me3,HEK293T G4+ promoter,11,115.0,4.433111190795898
H3K4me3,HEK293T G4+ promoter,12,125.0,4.432538986206055
H3K4me3,HEK293T G4+ promoter,13,135.0,4.431321144104004
H3K4me3,HEK293T G4+ promoter,14,145.0,4.431083679199219
H3K4me3,HEK293T G4+ promoter,15,155.0,4.430327415466309
H3K4me3,HEK293T G4+ promoter,16,165.0,4.4299726486206055
H3K4me3,HEK293T G4+ promoter,17,175.0,4.428855895996094
H3K4me3,HEK293T G4+ promoter,18,185.0,4.428215503692627
H3K4me3,HEK293T G4+ promoter,19,195.0,4.426754951477051
H3K4me3,HEK293T G4+ promoter,20,205.0,4.425213813781738
H3K4me3,HEK293T G4+ promoter,21,215.0,4.425234794616699
H3K4me3,HEK293T G4+ promoter,22,225.0,4.427308559417725
H3K4me3,HEK293T G4+ promoter,23,235.0,4.431811809539795
H3K4me3,HEK293T G4+ promoter,24,245.0,4.433759689331055
H3K4me3,HEK293T G4+ promoter,25,255.0,4.434187889099121
H3K4me3,HEK293T G4+ promoter,26,265.0,4.4340338706970215
H3K4me3,HEK293T G4+ promoter,27,275.0,4.434351444244385
H3K4me3,HEK293T G4+ promoter,28,285.0,4.435219764709473
H3K4me3,HEK293T G4+ promoter,29,295.0,4.43730354309082
H3K4me3,HEK293T G4+ promoter,30,305.0,4.439691066741943
H3K4me3,HEK293T G4+ promoter,31,315.0,4.444434642791748
H3K4me3,HEK293T G4+ promoter,32,325.0,4.449163913726807
H3K4me3,HEK293T G4+ promoter,33,335.0,4.452838897705078
H3K4me3,HEK293T G4+ promoter,34,345.0,4.454795837402344
H3K4me3,HEK293T G4+ promoter,35,355.0,4.454145431518555
H3K4me3,HEK293T G4+ promoter,36,365.0,4.453113555908203
H3K4me3,HEK293T G4+ promoter,37,375.0,4.451484203338623
H3K4me3,HEK293T G4+ promoter,38,385.0,4.451770305633545
H3K4me3,HEK293T G4+ promoter,39,395.0,4.455983638763428
H3K4me3,HEK293T G4+ promoter,40,405.0,4.458498954772949
H3K4me3,HEK293T G4+ promoter,41,415.0,4.458484649658203
H3K4me3,HEK293T G4+ promoter,42,425.0,4.455153465270996
H3K4me3,HEK293T G4+ promoter,43,435.0,4.452268123626709
H3K4me3,HEK293T G4+ promoter,44,445.0,4.450041770935059
H3K4me3,HEK293T G4+ promoter,45,455.0,4.451492786407471
H3K4me3,HEK293T G4+ promoter,46,465.0,4.452712059020996
H3K4me3,HEK293T G4+ promoter,47,475.0,4.456325054168701
H3K4me3,HEK293T G4+ promoter,48,485.0,4.452202320098877
H3K4me3,HEK293T G4+ promoter,49,495.0,4.439847946166992
H3K4me3,HEK293T G4+ promoter,50,505.0,4.4386138916015625
H3K4me3,HEK293T G4+ promoter,51,515.0,4.453556060791016
H3K4me3,HEK293T G4+ promoter,52,525.0,4.460171699523926
H3K4me3,HEK293T G4+ promoter,53,535.0,4.459887981414795
H3K4me3,HEK293T G4+ promoter,54,545.0,4.458089828491211
H3K4me3,HEK293T G4+ promoter,55,555.0,4.456916332244873
H3K4me3,HEK293T G4+ promoter,56,565.0,4.4565348625183105
H3K4me3,HEK293T G4+ promoter,57,575.0,4.457524299621582
H3K4me3,HEK293T G4+ promoter,58,585.0,4.458494186401367
H3K4me3,HEK293T G4+ promoter,59,595.0,4.4594645500183105
H3K4me3,HEK293T G4+ promoter,60,605.0,4.457234859466553
H3K4me3,HEK293T G4+ promoter,61,615.0,4.455599308013916
H3K4me3,HEK293T G4+ promoter,62,625.0,4.453672409057617
H3K4me3,HEK293T G4+ promoter,63,635.0,4.451202392578125
H3K4me3,HEK293T G4+ promoter,64,645.0,4.451834201812744
H3K4me3,HEK293T G4+ promoter,65,655.0,4.451347351074219
H3K4me3,HEK293T G4+ promoter,66,665.0,4.448169708251953
H3K4me3,HEK293T G4+ promoter,67,675.0,4.442632675170898
H3K4me3,HEK293T G4+ promoter,68,685.0,4.4328932762146
H3K4me3,HEK293T G4+ promoter,69,695.0,4.420831680297852
H3K4me3,HEK293T G4+ promoter,70,705.0,4.409704208374023
H3K4me3,HEK293T G4+ promoter,71,715.0,4.403164863586426
H3K4me3,HEK293T G4+ promoter,72,725.0,4.399571895599365
H3K4me3,HEK293T G4+ promoter,73,735.0,4.400346755981445
H3K4me3,HEK293T G4+ promoter,74,745.0,4.401784420013428
H3K4me3,HEK293T G4+ promoter,75,755.0,4.403441905975342
H3K4me3,HEK293T G4+ promoter,76,765.0,4.404297828674316
H3K4me3,HEK293T G4+ promoter,77,775.0,4.405124664306641
H3K4me3,HEK293T G4+ promoter,78,785.0,4.405920505523682
H3K4me3,HEK293T G4+ promoter,79,795.0,4.403912544250488
H3K4me3,HEK293T G4+ promoter,80,805.0,4.402888774871826
H3K4me3,HEK293T G4+ promoter,81,815.0,4.402133941650391
H3K4me3,HEK293T G4+ promoter,82,825.0,4.401979446411133
H3K4me3,HEK293T G4+ promoter,83,835.0,4.403728485107422
H3K4me3,HEK293T G4+ promoter,84,845.0,4.4056901931762695
H3K4me3,HEK293T G4+ promoter,85,855.0,4.407519340515137
H3K4me3,HEK293T G4+ promoter,86,865.0,4.4063544273376465
H3K4me3,HEK293T G4+ promoter,87,875.0,4.40470552444458
H3K4me3,HEK293T G4+ promoter,88,885.0,4.401642799377441
H3K4me3,HEK293T G4+ promoter,89,895.0,4.399552822113037
H3K4me3,HEK293T G4+ promoter,90,905.0,4.398873805999756
H3K4me3,HEK293T G4+ promoter,91,915.0,4.396529674530029
H3K4me3,HEK293T G4+ promoter,92,925.0,4.39307165145874
H3K4me3,HEK293T G4+ promoter,93,935.0,4.388425827026367
H3K4me3,HEK293T G4+ promoter,94,945.0,4.38154411315918
H3K4me3,HEK293T G4+ promoter,95,955.0,4.376663684844971
H3K4me3,HEK293T G4+ promoter,96,965.0,4.3767805099487305
H3K4me3,HEK293T G4+ promoter,97,975.0,4.381946563720703
H3K4me3,HEK293T G4+ promoter,98,985.0,4.392343044281006
H3K4me3,HEK293T G4+ promoter,99,995.0,4.403946876525879
H3K4me3,HEK293T G4+ enhancer,0,5.0,4.242447376251221
H3K4me3,HEK293T G4+ enhancer,1,15.0,4.238619327545166
H3K4me3,HEK293T G4+ enhancer,2,25.0,4.242930889129639
H3K4me3,HEK293T G4+ enhancer,3,35.0,4.2521138191223145
H3K4me3,HEK293T G4+ enhancer,4,45.0,4.257566452026367
H3K4me3,HEK293T G4+ enhancer,5,55.0,4.261544704437256
H3K4me3,HEK293T G4+ enhancer,6,65.0,4.264200687408447
H3K4me3,HEK293T G4+ enhancer,7,75.0,4.267475128173828
H3K4me3,HEK293T G4+ enhancer,8,85.0,4.269537925720215
H3K4me3,HEK293T G4+ enhancer,9,95.0,4.274173259735107
H3K4me3,HEK293T G4+ enhancer,10,105.0,4.275135517120361
H3K4me3,HEK293T G4+ enhancer,11,115.0,4.279747486114502
H3K4me3,HEK293T G4+ enhancer,12,125.0,4.279292583465576
H3K4me3,HEK293T G4+ enhancer,13,135.0,4.283770561218262
H3K4me3,HEK293T G4+ enhancer,14,145.0,4.2840447425842285
H3K4me3,HEK293T G4+ enhancer,15,155.0,4.285473823547363
H3K4me3,HEK293T G4+ enhancer,16,165.0,4.284808158874512
H3K4me3,HEK293T G4+ enhancer,17,175.0,4.284697532653809
H3K4me3,HEK293T G4+ enhancer,18,185.0,4.2836809158325195
H3K4me3,HEK293T G4+ enhancer,19,195.0,4.281710624694824
H3K4me3,HEK293T G4+ enhancer,20,205.0,4.281538486480713
H3K4me3,HEK293T G4+ enhancer,21,215.0,4.2817702293396
H3K4me3,HEK293T G4+ enhancer,22,225.0,4.282526016235352
H3K4me3,HEK293T G4+ enhancer,23,235.0,4.284088134765625
H3K4me3,HEK293T G4+ enhancer,24,245.0,4.2847161293029785
H3K4me3,HEK293T G4+ enhancer,25,255.0,4.28404426574707
H3K4me3,HEK293T G4+ enhancer,26,265.0,4.282674312591553
H3K4me3,HEK293T G4+ enhancer,27,275.0,4.28128719329834
H3K4me3,HEK293T G4+ enhancer,28,285.0,4.281046390533447
H3K4me3,HEK293T G4+ enhancer,29,295.0,4.278861045837402
H3K4me3,HEK293T G4+ enhancer,30,305.0,4.277818202972412
H3K4me3,HEK293T G4+ enhancer,31,315.0,4.278059005737305
H3K4me3,HEK293T G4+ enhancer,32,325.0,4.275841236114502
H3K4me3,HEK293T G4+ enhancer,33,335.0,4.274266719818115
H3K4me3,HEK293T G4+ enhancer,34,345.0,4.27254056930542
H3K4me3,HEK293T G4+ enhancer,35,355.0,4.272039413452148
H3K4me3,HEK293T G4+ enhancer,36,365.0,4.270450115203857
H3K4me3,HEK293T G4+ enhancer,37,375.0,4.269951820373535
H3K4me3,HEK293T G4+ enhancer,38,385.0,4.2681403160095215
H3K4me3,HEK293T G4+ enhancer,39,395.0,4.266094207763672
H3K4me3,HEK293T G4+ enhancer,40,405.0,4.263973712921143
H3K4me3,HEK293T G4+ enhancer,41,415.0,4.264118671417236
H3K4me3,HEK293T G4+ enhancer,42,425.0,4.26682186126709
H3K4me3,HEK293T G4+ enhancer,43,435.0,4.269897937774658
H3K4me3,HEK293T G4+ enhancer,44,445.0,4.271540641784668
H3K4me3,HEK293T G4+ enhancer,45,455.0,4.272437572479248
H3K4me3,HEK293T G4+ enhancer,46,465.0,4.269688606262207
H3K4me3,HEK293T G4+ enhancer,47,475.0,4.266928195953369
H3K4me3,HEK293T G4+ enhancer,48,485.0,4.269700527191162
H3K4me3,HEK293T G4+ enhancer,49,495.0,4.276397228240967
H3K4me3,HEK293T G4+ enhancer,50,505.0,4.278369903564453
H3K4me3,HEK293T G4+ enhancer,51,515.0,4.2721757888793945
H3K4me3,HEK293T G4+ enhancer,52,525.0,4.2662224769592285
H3K4me3,HEK293T G4+ enhancer,53,535.0,4.265195846557617
H3K4me3,HEK293T G4+ enhancer,54,545.0,4.264413356781006
H3K4me3,HEK293T G4+ enhancer,55,555.0,4.263763427734375
H3K4me3,HEK293T G4+ enhancer,56,565.0,4.265875339508057
H3K4me3,HEK293T G4+ enhancer,57,575.0,4.267228603363037
H3K4me3,HEK293T G4+ enhancer,58,585.0,4.267448902130127
H3K4me3,HEK293T G4+ enhancer,59,595.0,4.26873254776001
H3K4me3,HEK293T G4+ enhancer,60,605.0,4.267514705657959
H3K4me3,HEK293T G4+ enhancer,61,615.0,4.267463684082031
H3K4me3,HEK293T G4+ enhancer,62,625.0,4.266674995422363
H3K4me3,HEK293T G4+ enhancer,63,635.0,4.265743255615234
H3K4me3,HEK293T G4+ enhancer,64,645.0,4.263857364654541
H3K4me3,HEK293T G4+ enhancer,65,655.0,4.2655816078186035
H3K4me3,HEK293T G4+ enhancer,66,665.0,4.269006252288818
H3K4me3,HEK293T G4+ enhancer,67,675.0,4.271799087524414
H3K4me3,HEK293T G4+ enhancer,68,685.0,4.274913311004639
H3K4me3,HEK293T G4+ enhancer,69,695.0,4.272886753082275
H3K4me3,HEK293T G4+ enhancer,70,705.0,4.267522811889648
H3K4me3,HEK293T G4+ enhancer,71,715.0,4.261573314666748
H3K4me3,HEK293T G4+ enhancer,72,725.0,4.261770725250244
H3K4me3,HEK293T G4+ enhancer,73,735.0,4.262930870056152
H3K4me3,HEK293T G4+ enhancer,74,745.0,4.263670921325684
H3K4me3,HEK293T G4+ enhancer,75,755.0,4.266496181488037
H3K4me3,HEK293T G4+ enhancer,76,765.0,4.267296314239502
H3K4me3,HEK293T G4+ enhancer,77,775.0,4.26839542388916
H3K4me3,HEK293T G4+ enhancer,78,785.0,4.267569065093994
H3K4me3,HEK293T G4+ enhancer,79,795.0,4.268876075744629
H3K4me3,HEK293T G4+ enhancer,80,805.0,4.268275737762451
H3K4me3,HEK293T G4+ enhancer,81,815.0,4.268251895904541
H3K4me3,HEK293T G4+ enhancer,82,825.0,4.269442558288574
H3K4me3,HEK293T G4+ enhancer,83,835.0,4.270047664642334
H3K4me3,HEK293T G4+ enhancer,84,845.0,4.271832466125488
H3K4me3,HEK293T G4+ enhancer,85,855.0,4.271465301513672
H3K4me3,HEK293T G4+ enhancer,86,865.0,4.272663116455078
H3K4me3,HEK293T G4+ enhancer,87,875.0,4.271598815917969
H3K4me3,HEK293T G4+ enhancer,88,885.0,4.270932197570801
H3K4me3,HEK293T G4+ enhancer,89,895.0,4.26839017868042
H3K4me3,HEK293T G4+ enhancer,90,905.0,4.266127109527588
H3K4me3,HEK293T G4+ enhancer,91,915.0,4.266086101531982
H3K4me3,HEK293T G4+ enhancer,92,925.0,4.262340068817139
H3K4me3,HEK293T G4+ enhancer,93,935.0,4.255685806274414
H3K4me3,HEK293T G4+ enhancer,94,945.0,4.249803066253662
H3K4me3,HEK293T G4+ enhancer,95,955.0,4.244852542877197
H3K4me3,HEK293T G4+ enhancer,96,965.0,4.245728969573975
H3K4me3,HEK293T G4+ enhancer,97,975.0,4.253535270690918
H3K4me3,HEK293T G4+ enhancer,98,985.0,4.262523651123047
H3K4me3,HEK293T G4+ enhancer,99,995.0,4.271014213562012
H3K27ac,A549 G4+ promoter,0,5.0,3.904768705368042
H3K27ac,A549 G4+ promoter,1,15.0,3.9039130210876465
H3K27ac,A549 G4+ promoter,2,25.0,3.9157845973968506
H3K27ac,A549 G4+ promoter,3,35.0,3.9324896335601807
H3K27ac,A549 G4+ promoter,4,45.0,3.9522922039031982
H3K27ac,A549 G4+ promoter,5,55.0,3.9665398597717285
H3K27ac,A549 G4+ promoter,6,65.0,3.969935894012451
H3K27ac,A549 G4+ promoter,7,75.0,3.9676549434661865
H3K27ac,A549 G4+ promoter,8,85.0,3.9591712951660156
H3K27ac,A549 G4+ promoter,9,95.0,3.949875831604004
H3K27ac,A549 G4+ promoter,10,105.0,3.9446070194244385
H3K27ac,A549 G4+ promoter,11,115.0,3.945056200027466
H3K27ac,A549 G4+ promoter,12,125.0,3.9476470947265625
H3K27ac,A549 G4+ promoter,13,135.0,3.9527747631073
H3K27ac,A549 G4+ promoter,14,145.0,3.958172082901001
H3K27ac,A549 G4+ promoter,15,155.0,3.964656352996826
H3K27ac,A549 G4+ promoter,16,165.0,3.968377113342285
H3K27ac,A549 G4+ promoter,17,175.0,3.9559452533721924
H3K27ac,A549 G4+ promoter,18,185.0,3.9360663890838623
H3K27ac,A549 G4+ promoter,19,195.0,3.916001558303833
H3K27ac,A549 G4+ promoter,20,205.0,3.9046244621276855
H3K27ac,A549 G4+ promoter,21,215.0,3.906365156173706
H3K27ac,A549 G4+ promoter,22,225.0,3.9228878021240234
H3K27ac,A549 G4+ promoter,23,235.0,3.947970390319824
H3K27ac,A549 G4+ promoter,24,245.0,3.969958782196045
H3K27ac,A549 G4+ promoter,25,255.0,3.9847497940063477
H3K27ac,A549 G4+ promoter,26,265.0,3.987950563430786
H3K27ac,A549 G4+ promoter,27,275.0,3.9850759506225586
H3K27ac,A549 G4+ promoter,28,285.0,3.982797145843506
H3K27ac,A549 G4+ promoter,29,295.0,3.976051092147827
H3K27ac,A549 G4+ promoter,30,305.0,3.959841728210449
H3K27ac,A549 G4+ promoter,31,315.0,3.9331319332122803
H3K27ac,A549 G4+ promoter,32,325.0,3.9071664810180664
H3K27ac,A549 G4+ promoter,33,335.0,3.8894569873809814
H3K27ac,A549 G4+ promoter,34,345.0,3.8836891651153564
H3K27ac,A549 G4+ promoter,35,355.0,3.8859617710113525
H3K27ac,A549 G4+ promoter,36,365.0,3.8857839107513428
H3K27ac,A549 G4+ promoter,37,375.0,3.8811073303222656
H3K27ac,A549 G4+ promoter,38,385.0,3.870065450668335
H3K27ac,A549 G4+ promoter,39,395.0,3.852490186691284
H3K27ac,A549 G4+ promoter,40,405.0,3.8382568359375
H3K27ac,A549 G4+ promoter,41,415.0,3.8253586292266846
H3K27ac,A549 G4+ promoter,42,425.0,3.8108890056610107
H3K27ac,A549 G4+ promoter,43,435.0,3.800161600112915
H3K27ac,A549 G4+ promoter,44,445.0,3.795884609222412
H3K27ac,A549 G4+ promoter,45,455.0,3.8034214973449707
H3K27ac,A549 G4+ promoter,46,465.0,3.821704864501953
H3K27ac,A549 G4+ promoter,47,475.0,3.850679636001587
H3K27ac,A549 G4+ promoter,48,485.0,3.871687889099121
H3K27ac,A549 G4+ promoter,49,495.0,3.8704047203063965
H3K27ac,A549 G4+ promoter,50,505.0,3.8705663681030273
H3K27ac,A549 G4+ promoter,51,515.0,3.8841538429260254
H3K27ac,A549 G4+ promoter,52,525.0,3.878743886947632
H3K27ac,A549 G4+ promoter,53,535.0,3.868720531463623
H3K27ac,A549 G4+ promoter,54,545.0,3.860638380050659
H3K27ac,A549 G4+ promoter,55,555.0,3.8548572063446045
H3K27ac,A549 G4+ promoter,56,565.0,3.8504233360290527
H3K27ac,A549 G4+ promoter,57,575.0,3.844862699508667
H3K27ac,A549 G4+ promoter,58,585.0,3.8482534885406494
H3K27ac,A549 G4+ promoter,59,595.0,3.8627896308898926
H3K27ac,A549 G4+ promoter,60,605.0,3.8767166137695312
H3K27ac,A549 G4+ promoter,61,615.0,3.890132188796997
H3K27ac,A549 G4+ promoter,62,625.0,3.8952603340148926
H3K27ac,A549 G4+ promoter,63,635.0,3.8987269401550293
H3K27ac,A549 G4+ promoter,64,645.0,3.9029133319854736
H3K27ac,A549 G4+ promoter,65,655.0,3.911284923553467
H3K27ac,A549 G4+ promoter,66,665.0,3.9320268630981445
H3K27ac,A549 G4+ promoter,67,675.0,3.9589927196502686
H3K27ac,A549 G4+ promoter,68,685.0,3.9869978427886963
H3K27ac,A549 G4+ promoter,69,695.0,4.005446434020996
H3K27ac,A549 G4+ promoter,70,705.0,4.0201520919799805
H3K27ac,A549 G4+ promoter,71,715.0,4.025579929351807
H3K27ac,A549 G4+ promoter,72,725.0,4.029275894165039
H3K27ac,A549 G4+ promoter,73,735.0,4.027276515960693
H3K27ac,A549 G4+ promoter,74,745.0,4.016513347625732
H3K27ac,A549 G4+ promoter,75,755.0,4.004726886749268
H3K27ac,A549 G4+ promoter,76,765.0,3.9921464920043945
H3K27ac,A549 G4+ promoter,77,775.0,3.9856626987457275
H3K27ac,A549 G4+ promoter,78,785.0,3.991297721862793
H3K27ac,A549 G4+ promoter,79,795.0,4.014121055603027
H3K27ac,A549 G4+ promoter,80,805.0,4.047091007232666
H3K27ac,A549 G4+ promoter,81,815.0,4.074830532073975
H3K27ac,A549 G4+ promoter,82,825.0,4.095254898071289
H3K27ac,A549 G4+ promoter,83,835.0,4.105839252471924
H3K27ac,A549 G4+ promoter,84,845.0,4.108968257904053
H3K27ac,A549 G4+ promoter,85,855.0,4.106814861297607
H3K27ac,A549 G4+ promoter,86,865.0,4.108222961425781
H3K27ac,A549 G4+ promoter,87,875.0,4.109729766845703
H3K27ac,A549 G4+ promoter,88,885.0,4.1136956214904785
H3K27ac,A549 G4+ promoter,89,895.0,4.117429256439209
H3K27ac,A549 G4+ promoter,90,905.0,4.12680196762085
H3K27ac,A549 G4+ promoter,91,915.0,4.136974334716797
H3K27ac,A549 G4+ promoter,92,925.0,4.144412517547607
H3K27ac,A549 G4+ promoter,93,935.0,4.145859241485596
H3K27ac,A549 G4+ promoter,94,945.0,4.135535717010498
H3K27ac,A549 G4+ promoter,95,955.0,4.120707035064697
H3K27ac,A549 G4+ promoter,96,965.0,4.101503372192383
H3K27ac,A549 G4+ promoter,97,975.0,4.082246780395508
H3K27ac,A549 G4+ promoter,98,985.0,4.068873882293701
H3K27ac,A549 G4+ promoter,99,995.0,4.061441421508789
H3K27ac,A549 G4+ enhancer,0,5.0,3.9745535850524902
H3K27ac,A549 G4+ enhancer,1,15.0,3.9732375144958496
H3K27ac,A549 G4+ enhancer,2,25.0,3.9851856231689453
H3K27ac,A549 G4+ enhancer,3,35.0,4.000982761383057
H3K27ac,A549 G4+ enhancer,4,45.0,4.020443916320801
H3K27ac,A549 G4+ enhancer,5,55.0,4.033596038818359
H3K27ac,A549 G4+ enhancer,6,65.0,4.044273376464844
H3K27ac,A549 G4+ enhancer,7,75.0,4.043026447296143
H3K27ac,A549 G4+ enhancer,8,85.0,4.034335613250732
H3K27ac,A549 G4+ enhancer,9,95.0,4.026986598968506
H3K27ac,A549 G4+ enhancer,10,105.0,4.019079208374023
H3K27ac,A549 G4+ enhancer,11,115.0,4.015429496765137
H3K27ac,A549 G4+ enhancer,12,125.0,4.017107009887695
H3K27ac,A549 G4+ enhancer,13,135.0,4.017090797424316
H3K27ac,A549 G4+ enhancer,14,145.0,4.026403903961182
H3K27ac,A549 G4+ enhancer,15,155.0,4.035160064697266
H3K27ac,A549 G4+ enhancer,16,165.0,4.041269302368164
H3K27ac,A549 G4+ enhancer,17,175.0,4.0353593826293945
H3K27ac,A549 G4+ enhancer,18,185.0,4.022003650665283
H3K27ac,A549 G4+ enhancer,19,195.0,4.005676746368408
H3K27ac,A549 G4+ enhancer,20,205.0,4.000888824462891
H3K27ac,A549 G4+ enhancer,21,215.0,4.001767635345459
H3K27ac,A549 G4+ enhancer,22,225.0,4.024847507476807
H3K27ac,A549 G4+ enhancer,23,235.0,4.050684928894043
H3K27ac,A549 G4+ enhancer,24,245.0,4.074563026428223
H3K27ac,A549 G4+ enhancer,25,255.0,4.086758136749268
H3K27ac,A549 G4+ enhancer,26,265.0,4.095808506011963
H3K27ac,A549 G4+ enhancer,27,275.0,4.101061820983887
H3K27ac,A549 G4+ enhancer,28,285.0,4.1016526222229
H3K27ac,A549 G4+ enhancer,29,295.0,4.103899955749512
H3K27ac,A549 G4+ enhancer,30,305.0,4.090720176696777
H3K27ac,A549 G4+ enhancer,31,315.0,4.070065498352051
H3K27ac,A549 G4+ enhancer,32,325.0,4.04267692565918
H3K27ac,A549 G4+ enhancer,33,335.0,4.018947124481201
H3K27ac,A549 G4+ enhancer,34,345.0,4.009638786315918
H3K27ac,A549 G4+ enhancer,35,355.0,4.014733791351318
H3K27ac,A549 G4+ enhancer,36,365.0,4.0186944007873535
H3K27ac,A549 G4+ enhancer,37,375.0,4.011721611022949
H3K27ac,A549 G4+ enhancer,38,385.0,4.005570888519287
H3K27ac,A549 G4+ enhancer,39,395.0,3.9789116382598877
H3K27ac,A549 G4+ enhancer,40,405.0,3.960477113723755
H3K27ac,A549 G4+ enhancer,41,415.0,3.938417434692383
H3K27ac,A549 G4+ enhancer,42,425.0,3.9224867820739746
H3K27ac,A549 G4+ enhancer,43,435.0,3.9040169715881348
H3K27ac,A549 G4+ enhancer,44,445.0,3.8965630531311035
H3K27ac,A549 G4+ enhancer,45,455.0,3.9044077396392822
H3K27ac,A549 G4+ enhancer,46,465.0,3.934119939804077
H3K27ac,A549 G4+ enhancer,47,475.0,3.9761404991149902
H3K27ac,A549 G4+ enhancer,48,485.0,4.001735210418701
H3K27ac,A549 G4+ enhancer,49,495.0,4.00703763961792
H3K27ac,A549 G4+ enhancer,50,505.0,4.005145072937012
H3K27ac,A549 G4+ enhancer,51,515.0,4.012090682983398
H3K27ac,A549 G4+ enhancer,52,525.0,4.006610870361328
H3K27ac,A549 G4+ enhancer,53,535.0,3.9894564151763916
H3K27ac,A549 G4+ enhancer,54,545.0,3.981140613555908
H3K27ac,A549 G4+ enhancer,55,555.0,3.973048686981201
H3K27ac,A549 G4+ enhancer,56,565.0,3.9671056270599365
H3K27ac,A549 G4+ enhancer,57,575.0,3.9566876888275146
H3K27ac,A549 G4+ enhancer,58,585.0,3.9600155353546143
H3K27ac,A549 G4+ enhancer,59,595.0,3.972853899002075
H3K27ac,A549 G4+ enhancer,60,605.0,3.9918906688690186
H3K27ac,A549 G4+ enhancer,61,615.0,4.011650085449219
H3K27ac,A549 G4+ enhancer,62,625.0,4.017870903015137
H3K27ac,A549 G4+ enhancer,63,635.0,4.018276214599609
H3K27ac,A549 G4+ enhancer,64,645.0,4.020185947418213
H3K27ac,A549 G4+ enhancer,65,655.0,4.030773639678955
H3K27ac,A549 G4+ enhancer,66,665.0,4.050015449523926
H3K27ac,A549 G4+ enhancer,67,675.0,4.075719833374023
H3K27ac,A549 G4+ enhancer,68,685.0,4.095422744750977
H3K27ac,A549 G4+ enhancer,69,695.0,4.115813732147217
H3K27ac,A549 G4+ enhancer,70,705.0,4.124133110046387
H3K27ac,A549 G4+ enhancer,71,715.0,4.128232955932617
H3K27ac,A549 G4+ enhancer,72,725.0,4.134285926818848
H3K27ac,A549 G4+ enhancer,73,735.0,4.133829593658447
H3K27ac,A549 G4+ enhancer,74,745.0,4.123867988586426
H3K27ac,A549 G4+ enhancer,75,755.0,4.106897830963135
H3K27ac,A549 G4+ enhancer,76,765.0,4.089722156524658
H3K27ac,A549 G4+ enhancer,77,775.0,4.0911784172058105
H3K27ac,A549 G4+ enhancer,78,785.0,4.095663547515869
H3K27ac,A549 G4+ enhancer,79,795.0,4.110256195068359
H3K27ac,A549 G4+ enhancer,80,805.0,4.130356788635254
H3K27ac,A549 G4+ enhancer,81,815.0,4.149930477142334
H3K27ac,A549 G4+ enhancer,82,825.0,4.162042140960693
H3K27ac,A549 G4+ enhancer,83,835.0,4.1662139892578125
H3K27ac,A549 G4+ enhancer,84,845.0,4.168387413024902
H3K27ac,A549 G4+ enhancer,85,855.0,4.173372268676758
H3K27ac,A549 G4+ enhancer,86,865.0,4.171584129333496
H3K27ac,A549 G4+ enhancer,87,875.0,4.173299312591553
H3K27ac,A549 G4+ enhancer,88,885.0,4.171817302703857
H3K27ac,A549 G4+ enhancer,89,895.0,4.17457389831543
H3K27ac,A549 G4+ enhancer,90,905.0,4.1806416511535645
H3K27ac,A549 G4+ enhancer,91,915.0,4.181814193725586
H3K27ac,A549 G4+ enhancer,92,925.0,4.187013149261475
H3K27ac,A549 G4+ enhancer,93,935.0,4.188688278198242
H3K27ac,A549 G4+ enhancer,94,945.0,4.185596466064453
H3K27ac,A549 G4+ enhancer,95,955.0,4.179599761962891
H3K27ac,A549 G4+ enhancer,96,965.0,4.1673431396484375
H3K27ac,A549 G4+ enhancer,97,975.0,4.158265590667725
H3K27ac,A549 G4+ enhancer,98,985.0,4.1443562507629395
H3K27ac,A549 G4+ enhancer,99,995.0,4.136786460876465
H3K27ac,HEK293T G4+ promoter,0,5.0,3.9611334800720215
H3K27ac,HEK293T G4+ promoter,1,15.0,3.959434747695923
H3K27ac,HEK293T G4+ promoter,2,25.0,3.968569278717041
H3K27ac,HEK293T G4+ promoter,3,35.0,3.988297700881958
H3K27ac,HEK293T G4+ promoter,4,45.0,4.008232593536377
H3K27ac,HEK293T G4+ promoter,5,55.0,4.0217156410217285
H3K27ac,HEK293T G4+ promoter,6,65.0,4.026706218719482
H3K27ac,HEK293T G4+ promoter,7,75.0,4.022959232330322
H3K27ac,HEK293T G4+ promoter,8,85.0,4.01619815826416
H3K27ac,HEK293T G4+ promoter,9,95.0,4.006690979003906
H3K27ac,HEK293T G4+ promoter,10,105.0,4.00126314163208
H3K27ac,HEK293T G4+ promoter,11,115.0,4.001919269561768
H3K27ac,HEK293T G4+ promoter,12,125.0,4.005040168762207
H3K27ac,HEK293T G4+ promoter,13,135.0,4.007632255554199
H3K27ac,HEK293T G4+ promoter,14,145.0,4.01186990737915
H3K27ac,HEK293T G4+ promoter,15,155.0,4.017675399780273
H3K27ac,HEK293T G4+ promoter,16,165.0,4.020298480987549
H3K27ac,HEK293T G4+ promoter,17,175.0,4.011073589324951
H3K27ac,HEK293T G4+ promoter,18,185.0,3.9936859607696533
H3K27ac,HEK293T G4+ promoter,19,195.0,3.9816620349884033
H3K27ac,HEK293T G4+ promoter,20,205.0,3.975276470184326
H3K27ac,HEK293T G4+ promoter,21,215.0,3.980681896209717
H3K27ac,HEK293T G4+ promoter,22,225.0,3.9983930587768555
H3K27ac,HEK293T G4+ promoter,23,235.0,4.0232415199279785
H3K27ac,HEK293T G4+ promoter,24,245.0,4.0413336753845215
H3K27ac,HEK293T G4+ promoter,25,255.0,4.054680347442627
H3K27ac,HEK293T G4+ promoter,26,265.0,4.055184364318848
H3K27ac,HEK293T G4+ promoter,27,275.0,4.0605573654174805
H3K27ac,HEK293T G4+ promoter,28,285.0,4.064826011657715
H3K27ac,HEK293T G4+ promoter,29,295.0,4.064321517944336
H3K27ac,HEK293T G4+ promoter,30,305.0,4.056737422943115
H3K27ac,HEK293T G4+ promoter,31,315.0,4.036839962005615
H3K27ac,HEK293T G4+ promoter,32,325.0,4.0120930671691895
H3K27ac,HEK293T G4+ promoter,33,335.0,3.995455741882324
H3K27ac,HEK293T G4+ promoter,34,345.0,3.9896278381347656
H3K27ac,HEK293T G4+ promoter,35,355.0,3.995346784591675
H3K27ac,HEK293T G4+ promoter,36,365.0,3.996814727783203
H3K27ac,HEK293T G4+ promoter,37,375.0,3.9943692684173584
H3K27ac,HEK293T G4+ promoter,38,385.0,3.984614133834839
H3K27ac,HEK293T G4+ promoter,39,395.0,3.9671218395233154
H3K27ac,HEK293T G4+ promoter,40,405.0,3.9512288570404053
H3K27ac,HEK293T G4+ promoter,41,415.0,3.9351725578308105
H3K27ac,HEK293T G4+ promoter,42,425.0,3.918256998062134
H3K27ac,HEK293T G4+ promoter,43,435.0,3.9081506729125977
H3K27ac,HEK293T G4+ promoter,44,445.0,3.904773473739624
H3K27ac,HEK293T G4+ promoter,45,455.0,3.9156835079193115
H3K27ac,HEK293T G4+ promoter,46,465.0,3.93804669380188
H3K27ac,HEK293T G4+ promoter,47,475.0,3.967878580093384
H3K27ac,HEK293T G4+ promoter,48,485.0,3.9837629795074463
H3K27ac,HEK293T G4+ promoter,49,495.0,3.9761922359466553
H3K27ac,HEK293T G4+ promoter,50,505.0,3.9738433361053467
H3K27ac,HEK293T G4+ promoter,51,515.0,3.992605447769165
H3K27ac,HEK293T G4+ promoter,52,525.0,3.9911818504333496
H3K27ac,HEK293T G4+ promoter,53,535.0,3.983513832092285
H3K27ac,HEK293T G4+ promoter,54,545.0,3.9761106967926025
H3K27ac,HEK293T G4+ promoter,55,555.0,3.972330331802368
H3K27ac,HEK293T G4+ promoter,56,565.0,3.966191291809082
H3K27ac,HEK293T G4+ promoter,57,575.0,3.9595232009887695
H3K27ac,HEK293T G4+ promoter,58,585.0,3.959986925125122
H3K27ac,HEK293T G4+ promoter,59,595.0,3.9741005897521973
H3K27ac,HEK293T G4+ promoter,60,605.0,3.9886064529418945
H3K27ac,HEK293T G4+ promoter,61,615.0,4.004941940307617
H3K27ac,HEK293T G4+ promoter,62,625.0,4.013432502746582
H3K27ac,HEK293T G4+ promoter,63,635.0,4.015947341918945
H3K27ac,HEK293T G4+ promoter,64,645.0,4.018004417419434
H3K27ac,HEK293T G4+ promoter,65,655.0,4.024506092071533
H3K27ac,HEK293T G4+ promoter,66,665.0,4.040621757507324
H3K27ac,HEK293T G4+ promoter,67,675.0,4.062105178833008
H3K27ac,HEK293T G4+ promoter,68,685.0,4.083033561706543
H3K27ac,HEK293T G4+ promoter,69,695.0,4.097864627838135
H3K27ac,HEK293T G4+ promoter,70,705.0,4.1088175773620605
H3K27ac,HEK293T G4+ promoter,71,715.0,4.11448335647583
H3K27ac,HEK293T G4+ promoter,72,725.0,4.116122722625732
H3K27ac,HEK293T G4+ promoter,73,735.0,4.111062526702881
H3K27ac,HEK293T G4+ promoter,74,745.0,4.0989813804626465
H3K27ac,HEK293T G4+ promoter,75,755.0,4.083761692047119
H3K27ac,HEK293T G4+ promoter,76,765.0,4.06826114654541
H3K27ac,HEK293T G4+ promoter,77,775.0,4.06197452545166
H3K27ac,HEK293T G4+ promoter,78,785.0,4.069577217102051
H3K27ac,HEK293T G4+ promoter,79,795.0,4.090973377227783
H3K27ac,HEK293T G4+ promoter,80,805.0,4.115320682525635
H3K27ac,HEK293T G4+ promoter,81,815.0,4.137124061584473
H3K27ac,HEK293T G4+ promoter,82,825.0,4.1491546630859375
H3K27ac,HEK293T G4+ promoter,83,835.0,4.15504264831543
H3K27ac,HEK293T G4+ promoter,84,845.0,4.1556525230407715
H3K27ac,HEK293T G4+ promoter,85,855.0,4.155725955963135
H3K27ac,HEK293T G4+ promoter,86,865.0,4.159367561340332
H3K27ac,HEK293T G4+ promoter,87,875.0,4.160661697387695
H3K27ac,HEK293T G4+ promoter,88,885.0,4.165257453918457
H3K27ac,HEK293T G4+ promoter,89,895.0,4.167776584625244
H3K27ac,HEK293T G4+ promoter,90,905.0,4.173777103424072
H3K27ac,HEK293T G4+ promoter,91,915.0,4.179004192352295
H3K27ac,HEK293T G4+ promoter,92,925.0,4.185257434844971
H3K27ac,HEK293T G4+ promoter,93,935.0,4.187356472015381
H3K27ac,HEK293T G4+ promoter,94,945.0,4.1823039054870605
H3K27ac,HEK293T G4+ promoter,95,955.0,4.173663139343262
H3K27ac,HEK293T G4+ promoter,96,965.0,4.159889221191406
H3K27ac,HEK293T G4+ promoter,97,975.0,4.14712381362915
H3K27ac,HEK293T G4+ promoter,98,985.0,4.135169506072998
H3K27ac,HEK293T G4+ promoter,99,995.0,4.126152515411377
H3K27ac,HEK293T G4+ enhancer,0,5.0,4.046771049499512
H3K27ac,HEK293T G4+ enhancer,1,15.0,4.042742729187012
H3K27ac,HEK293T G4+ enhancer,2,25.0,4.051170825958252
H3K27ac,HEK293T G4+ enhancer,3,35.0,4.0649566650390625
H3K27ac,HEK293T G4+ enhancer,4,45.0,4.077675819396973
H3K27ac,HEK293T G4+ enhancer,5,55.0,4.0891642570495605
H3K27ac,HEK293T G4+ enhancer,6,65.0,4.099474906921387
H3K27ac,HEK293T G4+ enhancer,7,75.0,4.099368095397949
H3K27ac,HEK293T G4+ enhancer,8,85.0,4.093052387237549
H3K27ac,HEK293T G4+ enhancer,9,95.0,4.084052562713623
H3K27ac,HEK293T G4+ enhancer,10,105.0,4.076636791229248
H3K27ac,HEK293T G4+ enhancer,11,115.0,4.071312427520752
H3K27ac,HEK293T G4+ enhancer,12,125.0,4.067515850067139
H3K27ac,HEK293T G4+ enhancer,13,135.0,4.0697245597839355
H3K27ac,HEK293T G4+ enhancer,14,145.0,4.074842929840088
H3K27ac,HEK293T G4+ enhancer,15,155.0,4.083861351013184
H3K27ac,HEK293T G4+ enhancer,16,165.0,4.088711738586426
H3K27ac,HEK293T G4+ enhancer,17,175.0,4.084008693695068
H3K27ac,HEK293T G4+ enhancer,18,185.0,4.075555324554443
H3K27ac,HEK293T G4+ enhancer,19,195.0,4.065785884857178
H3K27ac,HEK293T G4+ enhancer,20,205.0,4.065692901611328
H3K27ac,HEK293T G4+ enhancer,21,215.0,4.080776214599609
H3K27ac,HEK293T G4+ enhancer,22,225.0,4.109134674072266
H3K27ac,HEK293T G4+ enhancer,23,235.0,4.13772439956665
H3K27ac,HEK293T G4+ enhancer,24,245.0,4.162174224853516
H3K27ac,HEK293T G4+ enhancer,25,255.0,4.178154945373535
H3K27ac,HEK293T G4+ enhancer,26,265.0,4.186248302459717
H3K27ac,HEK293T G4+ enhancer,27,275.0,4.1996259689331055
H3K27ac,HEK293T G4+ enhancer,28,285.0,4.213451862335205
H3K27ac,HEK293T G4+ enhancer,29,295.0,4.228082180023193
H3K27ac,HEK293T G4+ enhancer,30,305.0,4.23679256439209
H3K27ac,HEK293T G4+ enhancer,31,315.0,4.234344482421875
H3K27ac,HEK293T G4+ enhancer,32,325.0,4.22226619720459
H3K27ac,HEK293T G4+ enhancer,33,335.0,4.209635257720947
H3K27ac,HEK293T G4+ enhancer,34,345.0,4.202925682067871
H3K27ac,HEK293T G4+ enhancer,35,355.0,4.2089524269104
H3K27ac,HEK293T G4+ enhancer,36,365.0,4.214157581329346
H3K27ac,HEK293T G4+ enhancer,37,375.0,4.209908962249756
H3K27ac,HEK293T G4+ enhancer,38,385.0,4.202459335327148
H3K27ac,HEK293T G4+ enhancer,39,395.0,4.185136318206787
H3K27ac,HEK293T G4+ enhancer,40,405.0,4.168515682220459
H3K27ac,HEK293T G4+ enhancer,41,415.0,4.149281024932861
H3K27ac,HEK293T G4+ enhancer,42,425.0,4.131305694580078
H3K27ac,HEK293T G4+ enhancer,43,435.0,4.114639759063721
H3K27ac,HEK293T G4+ enhancer,44,445.0,4.11025333404541
H3K27ac,HEK293T G4+ enhancer,45,455.0,4.117549896240234
H3K27ac,HEK293T G4+ enhancer,46,465.0,4.147599220275879
H3K27ac,HEK293T G4+ enhancer,47,475.0,4.182369709014893
H3K27ac,HEK293T G4+ enhancer,48,485.0,4.198513507843018
H3K27ac,HEK293T G4+ enhancer,49,495.0,4.1901936531066895
H3K27ac,HEK293T G4+ enhancer,50,505.0,4.188131332397461
H3K27ac,HEK293T G4+ enhancer,51,515.0,4.203612804412842
H3K27ac,HEK293T G4+ enhancer,52,525.0,4.2024993896484375
H3K27ac,HEK293T G4+ enhancer,53,535.0,4.187166690826416
H3K27ac,HEK293T G4+ enhancer,54,545.0,4.1774797439575195
H3K27ac,HEK293T G4+ enhancer,55,555.0,4.1727986335754395
H3K27ac,HEK293T G4+ enhancer,56,565.0,4.1688690185546875
H3K27ac,HEK293T G4+ enhancer,57,575.0,4.165058612823486
H3K27ac,HEK293T G4+ enhancer,58,585.0,4.167886734008789
H3K27ac,HEK293T G4+ enhancer,59,595.0,4.1840643882751465
H3K27ac,HEK293T G4+ enhancer,60,605.0,4.200791835784912
H3K27ac,HEK293T G4+ enhancer,61,615.0,4.216246128082275
H3K27ac,HEK293T G4+ enhancer,62,625.0,4.223259449005127
H3K27ac,HEK293T G4+ enhancer,63,635.0,4.223140239715576
H3K27ac,HEK293T G4+ enhancer,64,645.0,4.225026607513428
H3K27ac,HEK293T G4+ enhancer,65,655.0,4.22961950302124
H3K27ac,HEK293T G4+ enhancer,66,665.0,4.239266872406006
H3K27ac,HEK293T G4+ enhancer,67,675.0,4.25139856338501
H3K27ac,HEK293T G4+ enhancer,68,685.0,4.259770393371582
H3K27ac,HEK293T G4+ enhancer,69,695.0,4.266365051269531
H3K27ac,HEK293T G4+ enhancer,70,705.0,4.2696638107299805
H3K27ac,HEK293T G4+ enhancer,71,715.0,4.271453380584717
H3K27ac,HEK293T G4+ enhancer,72,725.0,4.2692718505859375
H3K27ac,HEK293T G4+ enhancer,73,735.0,4.266380310058594
H3K27ac,HEK293T G4+ enhancer,74,745.0,4.258589267730713
H3K27ac,HEK293T G4+ enhancer,75,755.0,4.246826648712158
H3K27ac,HEK293T G4+ enhancer,76,765.0,4.234971523284912
H3K27ac,HEK293T G4+ enhancer,77,775.0,4.2303900718688965
H3K27ac,HEK293T G4+ enhancer,78,785.0,4.233145713806152
H3K27ac,HEK293T G4+ enhancer,79,795.0,4.2413530349731445
H3K27ac,HEK293T G4+ enhancer,80,805.0,4.251379489898682
H3K27ac,HEK293T G4+ enhancer,81,815.0,4.256683349609375
H3K27ac,HEK293T G4+ enhancer,82,825.0,4.257755756378174
H3K27ac,HEK293T G4+ enhancer,83,835.0,4.2565789222717285
H3K27ac,HEK293T G4+ enhancer,84,845.0,4.256896018981934
H3K27ac,HEK293T G4+ enhancer,85,855.0,4.259094715118408
H3K27ac,HEK293T G4+ enhancer,86,865.0,4.261571884155273
H3K27ac,HEK293T G4+ enhancer,87,875.0,4.261587619781494
H3K27ac,HEK293T G4+ enhancer,88,885.0,4.260461330413818
H3K27ac,HEK293T G4+ enhancer,89,895.0,4.260399341583252
H3K27ac,HEK293T G4+ enhancer,90,905.0,4.261112689971924
H3K27ac,HEK293T G4+ enhancer,91,915.0,4.261826992034912
H3K27ac,HEK293T G4+ enhancer,92,925.0,4.264883518218994
H3K27ac,HEK293T G4+ enhancer,93,935.0,4.265769004821777
H3K27ac,HEK293T G4+ enhancer,94,945.0,4.266108512878418
H3K27ac,HEK293T G4+ enhancer,95,955.0,4.265204429626465
H3K27ac,HEK293T G4+ enhancer,96,965.0,4.262991428375244
H3K27ac,HEK293T G4+ enhancer,97,975.0,4.259571075439453
H3K27ac,HEK293T G4+ enhancer,98,985.0,4.2539753913879395
H3K27ac,HEK293T G4+ enhancer,99,995.0,4.249454498291016
ATAC,A549 G4+ promoter,0,5.0,4.458276271820068
ATAC,A549 G4+ promoter,1,15.0,4.458128452301025
ATAC,A549 G4+ promoter,2,25.0,4.45799446105957
ATAC,A549 G4+ promoter,3,35.0,4.458120822906494
ATAC,A549 G4+ promoter,4,45.0,4.460598945617676
ATAC,A549 G4+ promoter,5,55.0,4.464393138885498
ATAC,A549 G4+ promoter,6,65.0,4.465499401092529
ATAC,A549 G4+ promoter,7,75.0,4.4666900634765625
ATAC,A549 G4+ promoter,8,85.0,4.465770244598389
ATAC,A549 G4+ promoter,9,95.0,4.465628147125244
ATAC,A549 G4+ promoter,10,105.0,4.466825485229492
ATAC,A549 G4+ promoter,11,115.0,4.467006683349609
ATAC,A549 G4+ promoter,12,125.0,4.464993476867676
ATAC,A549 G4+ promoter,13,135.0,4.463432788848877
ATAC,A549 G4+ promoter,14,145.0,4.460568904876709
ATAC,A549 G4+ promoter,15,155.0,4.4576263427734375
ATAC,A549 G4+ promoter,16,165.0,4.454900741577148
ATAC,A549 G4+ promoter,17,175.0,4.455026626586914
ATAC,A549 G4+ promoter,18,185.0,4.455850601196289
ATAC,A549 G4+ promoter,19,195.0,4.458014965057373
ATAC,A549 G4+ promoter,20,205.0,4.458171367645264
ATAC,A549 G4+ promoter,21,215.0,4.455480098724365
ATAC,A549 G4+ promoter,22,225.0,4.450719356536865
ATAC,A549 G4+ promoter,23,235.0,4.446465015411377
ATAC,A549 G4+ promoter,24,245.0,4.441583156585693
ATAC,A549 G4+ promoter,25,255.0,4.439262390136719
ATAC,A549 G4+ promoter,26,265.0,4.438704490661621
ATAC,A549 G4+ promoter,27,275.0,4.4371795654296875
ATAC,A549 G4+ promoter,28,285.0,4.432332992553711
ATAC,A549 G4+ promoter,29,295.0,4.427935600280762
ATAC,A549 G4+ promoter,30,305.0,4.421736717224121
ATAC,A549 G4+ promoter,31,315.0,4.414957046508789
ATAC,A549 G4+ promoter,32,325.0,4.408048629760742
ATAC,A549 G4+ promoter,33,335.0,4.402294158935547
ATAC,A549 G4+ promoter,34,345.0,4.398836612701416
ATAC,A549 G4+ promoter,35,355.0,4.398082733154297
ATAC,A549 G4+ promoter,36,365.0,4.399986267089844
ATAC,A549 G4+ promoter,37,375.0,4.401042461395264
ATAC,A549 G4+ promoter,38,385.0,4.399425983428955
ATAC,A549 G4+ promoter,39,395.0,4.392917156219482
ATAC,A549 G4+ promoter,40,405.0,4.3860039710998535
ATAC,A549 G4+ promoter,41,415.0,4.380622386932373
ATAC,A549 G4+ promoter,42,425.0,4.378930568695068
ATAC,A549 G4+ promoter,43,435.0,4.3824968338012695
ATAC,A549 G4+ promoter,44,445.0,4.38850212097168
ATAC,A549 G4+ promoter,45,455.0,4.392920970916748
ATAC,A549 G4+ promoter,46,465.0,4.396183967590332
ATAC,A549 G4+ promoter,47,475.0,4.395901679992676
ATAC,A549 G4+ promoter,48,485.0,4.38588285446167
ATAC,A549 G4+ promoter,49,495.0,4.3704938888549805
ATAC,A549 G4+ promoter,50,505.0,4.368322372436523
ATAC,A549 G4+ promoter,51,515.0,4.383462905883789
ATAC,A549 G4+ promoter,52,525.0,4.389651775360107
ATAC,A549 G4+ promoter,53,535.0,4.38864803314209
ATAC,A549 G4+ promoter,54,545.0,4.3864240646362305
ATAC,A549 G4+ promoter,55,555.0,4.384275436401367
ATAC,A549 G4+ promoter,56,565.0,4.382852077484131
ATAC,A549 G4+ promoter,57,575.0,4.379144191741943
ATAC,A549 G4+ promoter,58,585.0,4.376077651977539
ATAC,A549 G4+ promoter,59,595.0,4.372703552246094
ATAC,A549 G4+ promoter,60,605.0,4.371090412139893
ATAC,A549 G4+ promoter,61,615.0,4.372054100036621
ATAC,A549 G4+ promoter,62,625.0,4.375846862792969
ATAC,A549 G4+ promoter,63,635.0,4.379402160644531
ATAC,A549 G4+ promoter,64,645.0,4.380760669708252
ATAC,A549 G4+ promoter,65,655.0,4.380373477935791
ATAC,A549 G4+ promoter,66,665.0,4.37872314453125
ATAC,A549 G4+ promoter,67,675.0,4.378528594970703
ATAC,A549 G4+ promoter,68,685.0,4.379310131072998
ATAC,A549 G4+ promoter,69,695.0,4.3829731941223145
ATAC,A549 G4+ promoter,70,705.0,4.384312629699707
ATAC,A549 G4+ promoter,71,715.0,4.3840742111206055
ATAC,A549 G4+ promoter,72,725.0,4.380821228027344
ATAC,A549 G4+ promoter,73,735.0,4.376996994018555
ATAC,A549 G4+ promoter,74,745.0,4.375199794769287
ATAC,A549 G4+ promoter,75,755.0,4.37653923034668
ATAC,A549 G4+ promoter,76,765.0,4.378683567047119
ATAC,A549 G4+ promoter,77,775.0,4.3819451332092285
ATAC,A549 G4+ promoter,78,785.0,4.384415626525879
ATAC,A549 G4+ promoter,79,795.0,4.387689113616943
ATAC,A549 G4+ promoter,80,805.0,4.3894944190979
ATAC,A549 G4+ promoter,81,815.0,4.391017913818359
ATAC,A549 G4+ promoter,82,825.0,4.393167018890381
ATAC,A549 G4+ promoter,83,835.0,4.395240306854248
ATAC,A549 G4+ promoter,84,845.0,4.395337104797363
ATAC,A549 G4+ promoter,85,855.0,4.396745681762695
ATAC,A549 G4+ promoter,86,865.0,4.398653030395508
ATAC,A549 G4+ promoter,87,875.0,4.402513027191162
ATAC,A549 G4+ promoter,88,885.0,4.406792163848877
ATAC,A549 G4+ promoter,89,895.0,4.408449649810791
ATAC,A549 G4+ promoter,90,905.0,4.409422874450684
ATAC,A549 G4+ promoter,91,915.0,4.4088592529296875
ATAC,A549 G4+ promoter,92,925.0,4.409600257873535
ATAC,A549 G4+ promoter,93,935.0,4.4117231369018555
ATAC,A549 G4+ promoter,94,945.0,4.415257930755615
ATAC,A549 G4+ promoter,95,955.0,4.418486595153809
ATAC,A549 G4+ promoter,96,965.0,4.418801307678223
ATAC,A549 G4+ promoter,97,975.0,4.415101528167725
ATAC,A549 G4+ promoter,98,985.0,4.411105155944824
ATAC,A549 G4+ promoter,99,995.0,4.4086809158325195
ATAC,A549 G4+ enhancer,0,5.0,4.486184597015381
ATAC,A549 G4+ enhancer,1,15.0,4.485666751861572
ATAC,A549 G4+ enhancer,2,25.0,4.488659381866455
ATAC,A549 G4+ enhancer,3,35.0,4.487660884857178
ATAC,A549 G4+ enhancer,4,45.0,4.488946437835693
ATAC,A549 G4+ enhancer,5,55.0,4.491959095001221
ATAC,A549 G4+ enhancer,6,65.0,4.493626594543457
ATAC,A549 G4+ enhancer,7,75.0,4.494250774383545
ATAC,A549 G4+ enhancer,8,85.0,4.493405818939209
ATAC,A549 G4+ enhancer,9,95.0,4.493520736694336
ATAC,A549 G4+ enhancer,10,105.0,4.493618488311768
ATAC,A549 G4+ enhancer,11,115.0,4.491703033447266
ATAC,A549 G4+ enhancer,12,125.0,4.492026329040527
ATAC,A549 G4+ enhancer,13,135.0,4.489808559417725
ATAC,A549 G4+ enhancer,14,145.0,4.4886932373046875
ATAC,A549 G4+ enhancer,15,155.0,4.487832546234131
ATAC,A549 G4+ enhancer,16,165.0,4.485822677612305
ATAC,A549 G4+ enhancer,17,175.0,4.4866814613342285
ATAC,A549 G4+ enhancer,18,185.0,4.487432479858398
ATAC,A549 G4+ enhancer,19,195.0,4.488704681396484
ATAC,A549 G4+ enhancer,20,205.0,4.487520694732666
ATAC,A549 G4+ enhancer,21,215.0,4.486354351043701
ATAC,A549 G4+ enhancer,22,225.0,4.4839372634887695
ATAC,A549 G4+ enhancer,23,235.0,4.478445053100586
ATAC,A549 G4+ enhancer,24,245.0,4.473721027374268
ATAC,A549 G4+ enhancer,25,255.0,4.471623420715332
ATAC,A549 G4+ enhancer,26,265.0,4.471713066101074
ATAC,A549 G4+ enhancer,27,275.0,4.471083164215088
ATAC,A549 G4+ enhancer,28,285.0,4.466987609863281
ATAC,A549 G4+ enhancer,29,295.0,4.463449954986572
ATAC,A549 G4+ enhancer,30,305.0,4.45882511138916
ATAC,A549 G4+ enhancer,31,315.0,4.453593730926514
ATAC,A549 G4+ enhancer,32,325.0,4.4469122886657715
ATAC,A549 G4+ enhancer,33,335.0,4.441369533538818
ATAC,A549 G4+ enhancer,34,345.0,4.437744140625
ATAC,A549 G4+ enhancer,35,355.0,4.437018871307373
ATAC,A549 G4+ enhancer,36,365.0,4.438319683074951
ATAC,A549 G4+ enhancer,37,375.0,4.441267013549805
ATAC,A549 G4+ enhancer,38,385.0,4.4393110275268555
ATAC,A549 G4+ enhancer,39,395.0,4.431795120239258
ATAC,A549 G4+ enhancer,40,405.0,4.422536849975586
ATAC,A549 G4+ enhancer,41,415.0,4.416370868682861
ATAC,A549 G4+ enhancer,42,425.0,4.416457653045654
ATAC,A549 G4+ enhancer,43,435.0,4.4182658195495605
ATAC,A549 G4+ enhancer,44,445.0,4.423609733581543
ATAC,A549 G4+ enhancer,45,455.0,4.429455280303955
ATAC,A549 G4+ enhancer,46,465.0,4.432188034057617
ATAC,A549 G4+ enhancer,47,475.0,4.433337211608887
ATAC,A549 G4+ enhancer,48,485.0,4.422114849090576
ATAC,A549 G4+ enhancer,49,495.0,4.409002304077148
ATAC,A549 G4+ enhancer,50,505.0,4.406761169433594
ATAC,A549 G4+ enhancer,51,515.0,4.421031475067139
ATAC,A549 G4+ enhancer,52,525.0,4.427464008331299
ATAC,A549 G4+ enhancer,53,535.0,4.426050662994385
ATAC,A549 G4+ enhancer,54,545.0,4.425559043884277
ATAC,A549 G4+ enhancer,55,555.0,4.423004150390625
ATAC,A549 G4+ enhancer,56,565.0,4.421539306640625
ATAC,A549 G4+ enhancer,57,575.0,4.416927337646484
ATAC,A549 G4+ enhancer,58,585.0,4.41187858581543
ATAC,A549 G4+ enhancer,59,595.0,4.410123825073242
ATAC,A549 G4+ enhancer,60,605.0,4.408512115478516
ATAC,A549 G4+ enhancer,61,615.0,4.409361839294434
ATAC,A549 G4+ enhancer,62,625.0,4.414486885070801
ATAC,A549 G4+ enhancer,63,635.0,4.417896270751953
ATAC,A549 G4+ enhancer,64,645.0,4.419668674468994
ATAC,A549 G4+ enhancer,65,655.0,4.417520999908447
ATAC,A549 G4+ enhancer,66,665.0,4.415369987487793
ATAC,A549 G4+ enhancer,67,675.0,4.414851188659668
ATAC,A549 G4+ enhancer,68,685.0,4.415487766265869
ATAC,A549 G4+ enhancer,69,695.0,4.419609546661377
ATAC,A549 G4+ enhancer,70,705.0,4.421686172485352
ATAC,A549 G4+ enhancer,71,715.0,4.421053886413574
ATAC,A549 G4+ enhancer,72,725.0,4.416847229003906
ATAC,A549 G4+ enhancer,73,735.0,4.413058757781982
ATAC,A549 G4+ enhancer,74,745.0,4.411068916320801
ATAC,A549 G4+ enhancer,75,755.0,4.411177635192871
ATAC,A549 G4+ enhancer,76,765.0,4.4129862785339355
ATAC,A549 G4+ enhancer,77,775.0,4.419434547424316
ATAC,A549 G4+ enhancer,78,785.0,4.420962810516357
ATAC,A549 G4+ enhancer,79,795.0,4.421331882476807
ATAC,A549 G4+ enhancer,80,805.0,4.4229817390441895
ATAC,A549 G4+ enhancer,81,815.0,4.425282001495361
ATAC,A549 G4+ enhancer,82,825.0,4.425895690917969
ATAC,A549 G4+ enhancer,83,835.0,4.426783561706543
ATAC,A549 G4+ enhancer,84,845.0,4.42586088180542
ATAC,A549 G4+ enhancer,85,855.0,4.427976131439209
ATAC,A549 G4+ enhancer,86,865.0,4.429094314575195
ATAC,A549 G4+ enhancer,87,875.0,4.432943820953369
ATAC,A549 G4+ enhancer,88,885.0,4.434811115264893
ATAC,A549 G4+ enhancer,89,895.0,4.437926292419434
ATAC,A549 G4+ enhancer,90,905.0,4.438053607940674
ATAC,A549 G4+ enhancer,91,915.0,4.436390399932861
ATAC,A549 G4+ enhancer,92,925.0,4.436952114105225
ATAC,A549 G4+ enhancer,93,935.0,4.438686370849609
ATAC,A549 G4+ enhancer,94,945.0,4.442596912384033
ATAC,A549 G4+ enhancer,95,955.0,4.445579528808594
ATAC,A549 G4+ enhancer,96,965.0,4.4441938400268555
ATAC,A549 G4+ enhancer,97,975.0,4.4415693283081055
ATAC,A549 G4+ enhancer,98,985.0,4.4379682540893555
ATAC,A549 G4+ enhancer,99,995.0,4.43450403213501
ATAC,HEK293T G4+ promoter,0,5.0,4.414397239685059
ATAC,HEK293T G4+ promoter,1,15.0,4.415258884429932
ATAC,HEK293T G4+ promoter,2,25.0,4.4164042472839355
ATAC,HEK293T G4+ promoter,3,35.0,4.417620658874512
ATAC,HEK293T G4+ promoter,4,45.0,4.420812606811523
ATAC,HEK293T G4+ promoter,5,55.0,4.42295503616333
ATAC,HEK293T G4+ promoter,6,65.0,4.421753883361816
ATAC,HEK293T G4+ promoter,7,75.0,4.421907901763916
ATAC,HEK293T G4+ promoter,8,85.0,4.420676231384277
ATAC,HEK293T G4+ promoter,9,95.0,4.420650005340576
ATAC,HEK293T G4+ promoter,10,105.0,4.418921947479248
ATAC,HEK293T G4+ promoter,11,115.0,4.4181318283081055
ATAC,HEK293T G4+ promoter,12,125.0,4.416883945465088
ATAC,HEK293T G4+ promoter,13,135.0,4.417998313903809
ATAC,HEK293T G4+ promoter,14,145.0,4.416729927062988
ATAC,HEK293T G4+ promoter,15,155.0,4.4146904945373535
ATAC,HEK293T G4+ promoter,16,165.0,4.412830352783203
ATAC,HEK293T G4+ promoter,17,175.0,4.413320541381836
ATAC,HEK293T G4+ promoter,18,185.0,4.417166709899902
ATAC,HEK293T G4+ promoter,19,195.0,4.422623634338379
ATAC,HEK293T G4+ promoter,20,205.0,4.428735256195068
ATAC,HEK293T G4+ promoter,21,215.0,4.429340362548828
ATAC,HEK293T G4+ promoter,22,225.0,4.425886631011963
ATAC,HEK293T G4+ promoter,23,235.0,4.419544219970703
ATAC,HEK293T G4+ promoter,24,245.0,4.412672996520996
ATAC,HEK293T G4+ promoter,25,255.0,4.409660339355469
ATAC,HEK293T G4+ promoter,26,265.0,4.409487724304199
ATAC,HEK293T G4+ promoter,27,275.0,4.40989875793457
ATAC,HEK293T G4+ promoter,28,285.0,4.407275199890137
ATAC,HEK293T G4+ promoter,29,295.0,4.404203414916992
ATAC,HEK293T G4+ promoter,30,305.0,4.396663188934326
ATAC,HEK293T G4+ promoter,31,315.0,4.386178016662598
ATAC,HEK293T G4+ promoter,32,325.0,4.373424530029297
ATAC,HEK293T G4+ promoter,33,335.0,4.363018989562988
ATAC,HEK293T G4+ promoter,34,345.0,4.357751846313477
ATAC,HEK293T G4+ promoter,35,355.0,4.359140396118164
ATAC,HEK293T G4+ promoter,36,365.0,4.36346435546875
ATAC,HEK293T G4+ promoter,37,375.0,4.36722993850708
ATAC,HEK293T G4+ promoter,38,385.0,4.364961624145508
ATAC,HEK293T G4+ promoter,39,395.0,4.355939865112305
ATAC,HEK293T G4+ promoter,40,405.0,4.345243453979492
ATAC,HEK293T G4+ promoter,41,415.0,4.337904930114746
ATAC,HEK293T G4+ promoter,42,425.0,4.335964679718018
ATAC,HEK293T G4+ promoter,43,435.0,4.3413848876953125
ATAC,HEK293T G4+ promoter,44,445.0,4.347835063934326
ATAC,HEK293T G4+ promoter,45,455.0,4.352324485778809
ATAC,HEK293T G4+ promoter,46,465.0,4.354560375213623
ATAC,HEK293T G4+ promoter,47,475.0,4.353696346282959
ATAC,HEK293T G4+ promoter,48,485.0,4.339985370635986
ATAC,HEK293T G4+ promoter,49,495.0,4.31999397277832
ATAC,HEK293T G4+ promoter,50,505.0,4.318478107452393
ATAC,HEK293T G4+ promoter,51,515.0,4.338862419128418
ATAC,HEK293T G4+ promoter,52,525.0,4.350230693817139
ATAC,HEK293T G4+ promoter,53,535.0,4.350285053253174
ATAC,HEK293T G4+ promoter,54,545.0,4.349223613739014
ATAC,HEK293T G4+ promoter,55,555.0,4.345071315765381
ATAC,HEK293T G4+ promoter,56,565.0,4.339050769805908
ATAC,HEK293T G4+ promoter,57,575.0,4.32865571975708
ATAC,HEK293T G4+ promoter,58,585.0,4.3207173347473145
ATAC,HEK293T G4+ promoter,59,595.0,4.315413475036621
ATAC,HEK293T G4+ promoter,60,605.0,4.314059257507324
ATAC,HEK293T G4+ promoter,61,615.0,4.3178935050964355
ATAC,HEK293T G4+ promoter,62,625.0,4.324623107910156
ATAC,HEK293T G4+ promoter,63,635.0,4.328865051269531
ATAC,HEK293T G4+ promoter,64,645.0,4.329214096069336
ATAC,HEK293T G4+ promoter,65,655.0,4.324596881866455
ATAC,HEK293T G4+ promoter,66,665.0,4.3196210861206055
ATAC,HEK293T G4+ promoter,67,675.0,4.317950248718262
ATAC,HEK293T G4+ promoter,68,685.0,4.3197922706604
ATAC,HEK293T G4+ promoter,69,695.0,4.325225830078125
ATAC,HEK293T G4+ promoter,70,705.0,4.327613830566406
ATAC,HEK293T G4+ promoter,71,715.0,4.325957298278809
ATAC,HEK293T G4+ promoter,72,725.0,4.32116174697876
ATAC,HEK293T G4+ promoter,73,735.0,4.314725399017334
ATAC,HEK293T G4+ promoter,74,745.0,4.311839580535889
ATAC,HEK293T G4+ promoter,75,755.0,4.312802314758301
ATAC,HEK293T G4+ promoter,76,765.0,4.314469814300537
ATAC,HEK293T G4+ promoter,77,775.0,4.318281650543213
ATAC,HEK293T G4+ promoter,78,785.0,4.3213419914245605
ATAC,HEK293T G4+ promoter,79,795.0,4.32589864730835
ATAC,HEK293T G4+ promoter,80,805.0,4.328863143920898
ATAC,HEK293T G4+ promoter,81,815.0,4.331798076629639
ATAC,HEK293T G4+ promoter,82,825.0,4.333016872406006
ATAC,HEK293T G4+ promoter,83,835.0,4.333324432373047
ATAC,HEK293T G4+ promoter,84,845.0,4.332518100738525
ATAC,HEK293T G4+ promoter,85,855.0,4.3328447341918945
ATAC,HEK293T G4+ promoter,86,865.0,4.335681438446045
ATAC,HEK293T G4+ promoter,87,875.0,4.340561866760254
ATAC,HEK293T G4+ promoter,88,885.0,4.345348358154297
ATAC,HEK293T G4+ promoter,89,895.0,4.346014022827148
ATAC,HEK293T G4+ promoter,90,905.0,4.34451961517334
ATAC,HEK293T G4+ promoter,91,915.0,4.3419904708862305
ATAC,HEK293T G4+ promoter,92,925.0,4.342371940612793
ATAC,HEK293T G4+ promoter,93,935.0,4.346024990081787
ATAC,HEK293T G4+ promoter,94,945.0,4.353969573974609
ATAC,HEK293T G4+ promoter,95,955.0,4.359175205230713
ATAC,HEK293T G4+ promoter,96,965.0,4.362301349639893
ATAC,HEK293T G4+ promoter,97,975.0,4.359468460083008
ATAC,HEK293T G4+ promoter,98,985.0,4.353875160217285
ATAC,HEK293T G4+ promoter,99,995.0,4.350083827972412
ATAC,HEK293T G4+ enhancer,0,5.0,4.356482982635498
ATAC,HEK293T G4+ enhancer,1,15.0,4.35878324508667
ATAC,HEK293T G4+ enhancer,2,25.0,4.365789413452148
ATAC,HEK293T G4+ enhancer,3,35.0,4.372006893157959
ATAC,HEK293T G4+ enhancer,4,45.0,4.370517730712891
ATAC,HEK293T G4+ enhancer,5,55.0,4.360095024108887
ATAC,HEK293T G4+ enhancer,6,65.0,4.34597635269165
ATAC,HEK293T G4+ enhancer,7,75.0,4.336024761199951
ATAC,HEK293T G4+ enhancer,8,85.0,4.331947326660156
ATAC,HEK293T G4+ enhancer,9,95.0,4.330574989318848
ATAC,HEK293T G4+ enhancer,10,105.0,4.326401710510254
ATAC,HEK293T G4+ enhancer,11,115.0,4.323525905609131
ATAC,HEK293T G4+ enhancer,12,125.0,4.329212665557861
ATAC,HEK293T G4+ enhancer,13,135.0,4.334985733032227
ATAC,HEK293T G4+ enhancer,14,145.0,4.341023921966553
ATAC,HEK293T G4+ enhancer,15,155.0,4.344602584838867
ATAC,HEK293T G4+ enhancer,16,165.0,4.3433427810668945
ATAC,HEK293T G4+ enhancer,17,175.0,4.341876983642578
ATAC,HEK293T G4+ enhancer,18,185.0,4.3452677726745605
ATAC,HEK293T G4+ enhancer,19,195.0,4.3603057861328125
ATAC,HEK293T G4+ enhancer,20,205.0,4.380699157714844
ATAC,HEK293T G4+ enhancer,21,215.0,4.393214702606201
ATAC,HEK293T G4+ enhancer,22,225.0,4.397419452667236
ATAC,HEK293T G4+ enhancer,23,235.0,4.395586013793945
ATAC,HEK293T G4+ enhancer,24,245.0,4.3900604248046875
ATAC,HEK293T G4+ enhancer,25,255.0,4.386908531188965
ATAC,HEK293T G4+ enhancer,26,265.0,4.390925407409668
ATAC,HEK293T G4+ enhancer,27,275.0,4.398146152496338
ATAC,HEK293T G4+ enhancer,28,285.0,4.406374454498291
ATAC,HEK293T G4+ enhancer,29,295.0,4.4125823974609375
ATAC,HEK293T G4+ enhancer,30,305.0,4.411684513092041
ATAC,HEK293T G4+ enhancer,31,315.0,4.404751300811768
ATAC,HEK293T G4+ enhancer,32,325.0,4.391300201416016
ATAC,HEK293T G4+ enhancer,33,335.0,4.375739097595215
ATAC,HEK293T G4+ enhancer,34,345.0,4.372578144073486
ATAC,HEK293T G4+ enhancer,35,355.0,4.376514911651611
ATAC,HEK293T G4+ enhancer,36,365.0,4.387056827545166
ATAC,HEK293T G4+ enhancer,37,375.0,4.395460605621338
ATAC,HEK293T G4+ enhancer,38,385.0,4.396976470947266
ATAC,HEK293T G4+ enhancer,39,395.0,4.391670227050781
ATAC,HEK293T G4+ enhancer,40,405.0,4.3826093673706055
ATAC,HEK293T G4+ enhancer,41,415.0,4.379603385925293
ATAC,HEK293T G4+ enhancer,42,425.0,4.380800724029541
ATAC,HEK293T G4+ enhancer,43,435.0,4.3823771476745605
ATAC,HEK293T G4+ enhancer,44,445.0,4.384283542633057
ATAC,HEK293T G4+ enhancer,45,455.0,4.380715370178223
ATAC,HEK293T G4+ enhancer,46,465.0,4.377807140350342
ATAC,HEK293T G4+ enhancer,47,475.0,4.376509666442871
ATAC,HEK293T G4+ enhancer,48,485.0,4.368964195251465
ATAC,HEK293T G4+ enhancer,49,495.0,4.365567207336426
ATAC,HEK293T G4+ enhancer,50,505.0,4.36793327331543
ATAC,HEK293T G4+ enhancer,51,515.0,4.377002239227295
ATAC,HEK293T G4+ enhancer,52,525.0,4.3868513107299805
ATAC,HEK293T G4+ enhancer,53,535.0,4.3941650390625
ATAC,HEK293T G4+ enhancer,54,545.0,4.399017810821533
ATAC,HEK293T G4+ enhancer,55,555.0,4.394036769866943
ATAC,HEK293T G4+ enhancer,56,565.0,4.381649017333984
ATAC,HEK293T G4+ enhancer,57,575.0,4.3644304275512695
ATAC,HEK293T G4+ enhancer,58,585.0,4.349610328674316
ATAC,HEK293T G4+ enhancer,59,595.0,4.34152889251709
ATAC,HEK293T G4+ enhancer,60,605.0,4.346650123596191
ATAC,HEK293T G4+ enhancer,61,615.0,4.358199119567871
ATAC,HEK293T G4+ enhancer,62,625.0,4.372640609741211
ATAC,HEK293T G4+ enhancer,63,635.0,4.374541282653809
ATAC,HEK293T G4+ enhancer,64,645.0,4.368858814239502
ATAC,HEK293T G4+ enhancer,65,655.0,4.3583807945251465
ATAC,HEK293T G4+ enhancer,66,665.0,4.348739147186279
ATAC,HEK293T G4+ enhancer,67,675.0,4.345386028289795
ATAC,HEK293T G4+ enhancer,68,685.0,4.346249580383301
ATAC,HEK293T G4+ enhancer,69,695.0,4.346772193908691
ATAC,HEK293T G4+ enhancer,70,705.0,4.348384857177734
ATAC,HEK293T G4+ enhancer,71,715.0,4.344024181365967
ATAC,HEK293T G4+ enhancer,72,725.0,4.336143970489502
ATAC,HEK293T G4+ enhancer,73,735.0,4.330194473266602
ATAC,HEK293T G4+ enhancer,74,745.0,4.325613975524902
ATAC,HEK293T G4+ enhancer,75,755.0,4.320415019989014
ATAC,HEK293T G4+ enhancer,76,765.0,4.319221019744873
ATAC,HEK293T G4+ enhancer,77,775.0,4.320037364959717
ATAC,HEK293T G4+ enhancer,78,785.0,4.324501037597656
ATAC,HEK293T G4+ enhancer,79,795.0,4.328887939453125
ATAC,HEK293T G4+ enhancer,80,805.0,4.333174228668213
ATAC,HEK293T G4+ enhancer,81,815.0,4.335029602050781
ATAC,HEK293T G4+ enhancer,82,825.0,4.33290433883667
ATAC,HEK293T G4+ enhancer,83,835.0,4.3279619216918945
ATAC,HEK293T G4+ enhancer,84,845.0,4.32308292388916
ATAC,HEK293T G4+ enhancer,85,855.0,4.321357250213623
ATAC,HEK293T G4+ enhancer,86,865.0,4.324729919433594
ATAC,HEK293T G4+ enhancer,87,875.0,4.328089237213135
ATAC,HEK293T G4+ enhancer,88,885.0,4.332451820373535
ATAC,HEK293T G4+ enhancer,89,895.0,4.332733154296875
ATAC,HEK293T G4+ enhancer,90,905.0,4.324884414672852
ATAC,HEK293T G4+ enhancer,91,915.0,4.3199052810668945
ATAC,HEK293T G4+ enhancer,92,925.0,4.318473815917969
ATAC,HEK293T G4+ enhancer,93,935.0,4.3245344161987305
ATAC,HEK293T G4+ enhancer,94,945.0,4.333134651184082
ATAC,HEK293T G4+ enhancer,95,955.0,4.341009616851807
ATAC,HEK293T G4+ enhancer,96,965.0,4.348445892333984
ATAC,HEK293T G4+ enhancer,97,975.0,4.351470470428467
ATAC,HEK293T G4+ enhancer,98,985.0,4.351438999176025
ATAC,HEK293T G4+ enhancer,99,995.0,4.347206115722656
