mark,group,bin,position_bp,epi_marg
H3K4me3,A549 G4+ all,0,5.0,0.02299315482378006
H3K4me3,A549 G4+ all,1,15.0,0.012603712268173695
H3K4me3,A549 G4+ all,2,25.0,0.0067504881881177425
H3K4me3,A549 G4+ all,3,35.0,0.0028956960886716843
H3K4me3,A549 G4+ all,4,45.0,0.002492266707122326
H3K4me3,A549 G4+ all,5,55.0,0.0034833187237381935
H3K4me3,A549 G4+ all,6,65.0,0.005073276348412037
H3K4me3,A549 G4+ all,7,75.0,0.009244408458471298
H3K4me3,A549 G4+ all,8,85.0,0.014151428826153278
H3K4me3,A549 G4+ all,9,95.0,0.009141114540398121
H3K4me3,A549 G4+ all,10,105.0,0.007908973842859268
H3K4me3,A549 G4+ all,11,115.0,0.008531942032277584
H3K4me3,A549 G4+ all,12,125.0,0.006933361291885376
H3K4me3,A549 G4+ all,13,135.0,0.005413309205323458
H3K4me3,A549 G4+ all,14,145.0,0.009977475740015507
H3K4me3,A549 G4+ all,15,155.0,0.026532988995313644
H3K4me3,A549 G4+ all,16,165.0,0.013021677732467651
H3K4me3,A549 G4+ all,17,175.0,0.009011562913656235
H3K4me3,A549 G4+ all,18,185.0,0.011094454675912857
H3K4me3,A549 G4+ all,19,195.0,0.010845690965652466
H3K4me3,A549 G4+ all,20,205.0,0.009092995896935463
H3K4me3,A549 G4+ all,21,215.0,0.008522548712790012
H3K4me3,A549 G4+ all,22,225.0,0.00791412964463234
H3K4me3,A549 G4+ all,23,235.0,0.007682649418711662
H3K4me3,A549 G4+ all,24,245.0,0.007966221310198307
H3K4me3,A549 G4+ all,25,255.0,0.008468342944979668
H3K4me3,A549 G4+ all,26,265.0,0.0077873943373560905
H3K4me3,A549 G4+ all,27,275.0,0.005079461727291346
H3K4me3,A549 G4+ all,28,285.0,0.003749384544789791
H3K4me3,A549 G4+ all,29,295.0,0.004747821018099785
H3K4me3,A549 G4+ all,30,305.0,0.005464818328619003
H3K4me3,A549 G4+ all,31,315.0,0.004760678391903639
H3K4me3,A549 G4+ all,32,325.0,0.005811462178826332
H3K4me3,A549 G4+ all,33,335.0,0.01310010813176632
H3K4me3,A549 G4+ all,34,345.0,0.009075559675693512
H3K4me3,A549 G4+ all,35,355.0,0.0028396816924214363
H3K4me3,A549 G4+ all,36,365.0,0.0024027619510889053
H3K4me3,A549 G4+ all,37,375.0,0.003381549147889018
H3K4me3,A549 G4+ all,38,385.0,0.005872995126992464
H3K4me3,A549 G4+ all,39,395.0,0.009600657969713211
H3K4me3,A549 G4+ all,40,405.0,0.013012371025979519
H3K4me3,A549 G4+ all,41,415.0,0.00692343944683671
H3K4me3,A549 G4+ all,42,425.0,0.0068651046603918076
H3K4me3,A549 G4+ all,43,435.0,0.009240983985364437
H3K4me3,A549 G4+ all,44,445.0,0.011545199900865555
H3K4me3,A549 G4+ all,45,455.0,0.01639237441122532
H3K4me3,A549 G4+ all,46,465.0,0.022291287779808044
H3K4me3,A549 G4+ all,47,475.0,0.02617805451154709
H3K4me3,A549 G4+ all,48,485.0,0.025782644748687744
H3K4me3,A549 G4+ all,49,495.0,0.02457096055150032
H3K4me3,A549 G4+ all,50,505.0,0.025114990770816803
H3K4me3,A549 G4+ all,51,515.0,0.025924930348992348
H3K4me3,A549 G4+ all,52,525.0,0.022021394222974777
H3K4me3,A549 G4+ all,53,535.0,0.018125690519809723
H3K4me3,A549 G4+ all,54,545.0,0.012997068464756012
H3K4me3,A549 G4+ all,55,555.0,0.006725707091391087
H3K4me3,A549 G4+ all,56,565.0,0.003422999056056142
H3K4me3,A549 G4+ all,57,575.0,0.0035913316532969475
H3K4me3,A549 G4+ all,58,585.0,0.009273265488445759
H3K4me3,A549 G4+ all,59,595.0,0.005995714571326971
H3K4me3,A549 G4+ all,60,605.0,0.0016078832559287548
H3K4me3,A549 G4+ all,61,615.0,0.0019427246879786253
H3K4me3,A549 G4+ all,62,625.0,0.0037501095794141293
H3K4me3,A549 G4+ all,63,635.0,0.0042727552354335785
H3K4me3,A549 G4+ all,64,645.0,0.003573610447347164
H3K4me3,A549 G4+ all,65,655.0,0.007591563276946545
H3K4me3,A549 G4+ all,66,665.0,0.0067725032567977905
H3K4me3,A549 G4+ all,67,675.0,0.004468006081879139
H3K4me3,A549 G4+ all,68,685.0,0.00466150464490056
H3K4me3,A549 G4+ all,69,695.0,0.004699863493442535
H3K4me3,A549 G4+ all,70,705.0,0.004834865685552359
H3K4me3,A549 G4+ all,71,715.0,0.006076146382838488
H3K4me3,A549 G4+ all,72,725.0,0.006672545801848173
H3K4me3,A549 G4+ all,73,735.0,0.006116777192801237
H3K4me3,A549 G4+ all,74,745.0,0.007462045177817345
H3K4me3,A549 G4+ all,75,755.0,0.009733285754919052
H3K4me3,A549 G4+ all,76,765.0,0.011185063049197197
H3K4me3,A549 G4+ all,77,775.0,0.010451260954141617
H3K4me3,A549 G4+ all,78,785.0,0.00757979741320014
H3K4me3,A549 G4+ all,79,795.0,0.007433969993144274
H3K4me3,A549 G4+ all,80,805.0,0.008848250843584538
H3K4me3,A549 G4+ all,81,815.0,0.009972215630114079
H3K4me3,A549 G4+ all,82,825.0,0.012049734592437744
H3K4me3,A549 G4+ all,83,835.0,0.01844196766614914
H3K4me3,A549 G4+ all,84,845.0,0.0101371631026268
H3K4me3,A549 G4+ all,85,855.0,0.006990526802837849
H3K4me3,A549 G4+ all,86,865.0,0.008763153105974197
H3K4me3,A549 G4+ all,87,875.0,0.01010005734860897
H3K4me3,A549 G4+ all,88,885.0,0.008383359760046005
H3K4me3,A549 G4+ all,89,895.0,0.007127590011805296
H3K4me3,A549 G4+ all,90,905.0,0.01502481009811163
H3K4me3,A549 G4+ all,91,915.0,0.023899689316749573
H3K4me3,A549 G4+ all,92,925.0,0.011478236876428127
H3K4me3,A549 G4+ all,93,935.0,0.008851478807628155
H3K4me3,A549 G4+ all,94,945.0,0.008855638094246387
H3K4me3,A549 G4+ all,95,955.0,0.008300494402647018
H3K4me3,A549 G4+ all,96,965.0,0.009330535307526588
H3K4me3,A549 G4+ all,97,975.0,0.010502764023840427
H3K4me3,A549 G4+ all,98,985.0,0.01375508215278387
H3K4me3,A549 G4+ all,99,995.0,0.04088396206498146
H3K4me3,A549 G4+ promoter,0,5.0,0.02424953505396843
H3K4me3,A549 G4+ promoter,1,15.0,0.013215769082307816
H3K4me3,A549 G4+ promoter,2,25.0,0.006990252528339624
H3K4me3,A549 G4+ promoter,3,35.0,0.002907069865614176
H3K4me3,A549 G4+ promoter,4,45.0,0.0024974176194518805
H3K4me3,A549 G4+ promoter,5,55.0,0.0035553178749978542
H3K4me3,A549 G4+ promoter,6,65.0,0.005112007725983858
H3K4me3,A549 G4+ promoter,7,75.0,0.009342256933450699
H3K4me3,A549 G4+ promoter,8,85.0,0.01435822993516922
H3K4me3,A549 G4+ promoter,9,95.0,0.009076486341655254
H3K4me3,A549 G4+ promoter,10,105.0,0.007776534650474787
H3K4me3,A549 G4+ promoter,11,115.0,0.008333372883498669
H3K4me3,A549 G4+ promoter,12,125.0,0.006885533221065998
H3K4me3,A549 G4+ promoter,13,135.0,0.005465499125421047
H3K4me3,A549 G4+ promoter,14,145.0,0.01009373925626278
H3K4me3,A549 G4+ promoter,15,155.0,0.025486238300800323
H3K4me3,A549 G4+ promoter,16,165.0,0.013043556362390518
H3K4me3,A549 G4+ promoter,17,175.0,0.0091735003516078
H3K4me3,A549 G4+ promoter,18,185.0,0.01129501685500145
H3K4me3,A549 G4+ promoter,19,195.0,0.01113121397793293
H3K4me3,A549 G4+ promoter,20,205.0,0.009272170253098011
H3K4me3,A549 G4+ promoter,21,215.0,0.00869140587747097
H3K4me3,A549 G4+ promoter,22,225.0,0.008070486597716808
H3K4me3,A549 G4+ promoter,23,235.0,0.007833407260477543
H3K4me3,A549 G4+ promoter,24,245.0,0.008250641636550426
H3K4me3,A549 G4+ promoter,25,255.0,0.008846886456012726
H3K4me3,A549 G4+ promoter,26,265.0,0.008173942565917969
H3K4me3,A549 G4+ promoter,27,275.0,0.0053159380331635475
H3K4me3,A549 G4+ promoter,28,285.0,0.003970643971115351
H3K4me3,A549 G4+ promoter,29,295.0,0.005006850231438875
H3K4me3,A549 G4+ promoter,30,305.0,0.005803829059004784
H3K4me3,A549 G4+ promoter,31,315.0,0.004931402858346701
H3K4me3,A549 G4+ promoter,32,325.0,0.006028158590197563
H3K4me3,A549 G4+ promoter,33,335.0,0.013435441069304943
H3K4me3,A549 G4+ promoter,34,345.0,0.00919494777917862
H3K4me3,A549 G4+ promoter,35,355.0,0.0029341070912778378
H3K4me3,A549 G4+ promoter,36,365.0,0.0025674805510789156
H3K4me3,A549 G4+ promoter,37,375.0,0.0035971489269286394
H3K4me3,A549 G4+ promoter,38,385.0,0.006200818344950676
H3K4me3,A549 G4+ promoter,39,395.0,0.009976034983992577
H3K4me3,A549 G4+ promoter,40,405.0,0.013332531787455082
H3K4me3,A549 G4+ promoter,41,415.0,0.0071430932730436325
H3K4me3,A549 G4+ promoter,42,425.0,0.0069005489349365234
H3K4me3,A549 G4+ promoter,43,435.0,0.009117850102484226
H3K4me3,A549 G4+ promoter,44,445.0,0.011482497677206993
H3K4me3,A549 G4+ promoter,45,455.0,0.01614225097000599
H3K4me3,A549 G4+ promoter,46,465.0,0.02176497131586075
H3K4me3,A549 G4+ promoter,47,475.0,0.025357535108923912
H3K4me3,A549 G4+ promoter,48,485.0,0.024777133017778397
H3K4me3,A549 G4+ promoter,49,495.0,0.023349516093730927
H3K4me3,A549 G4+ promoter,50,505.0,0.02359072118997574
H3K4me3,A549 G4+ promoter,51,515.0,0.024213656783103943
H3K4me3,A549 G4+ promoter,52,525.0,0.021156413480639458
H3K4me3,A549 G4+ promoter,53,535.0,0.01805989257991314
H3K4me3,A549 G4+ promoter,54,545.0,0.013231405057013035
H3K4me3,A549 G4+ promoter,55,555.0,0.006958009675145149
H3K4me3,A549 G4+ promoter,56,565.0,0.003498072037473321
H3K4me3,A549 G4+ promoter,57,575.0,0.003607494290918112
H3K4me3,A549 G4+ promoter,58,585.0,0.009294424206018448
H3K4me3,A549 G4+ promoter,59,595.0,0.006133010610938072
H3K4me3,A549 G4+ promoter,60,605.0,0.001658618450164795
H3K4me3,A549 G4+ promoter,61,615.0,0.0020863530226051807
H3K4me3,A549 G4+ promoter,62,625.0,0.004155527334660292
H3K4me3,A549 G4+ promoter,63,635.0,0.004699546843767166
H3K4me3,A549 G4+ promoter,64,645.0,0.003709332086145878
H3K4me3,A549 G4+ promoter,65,655.0,0.007785183843225241
H3K4me3,A549 G4+ promoter,66,665.0,0.007042950484901667
H3K4me3,A549 G4+ promoter,67,675.0,0.004640042316168547
H3K4me3,A549 G4+ promoter,68,685.0,0.0048467726446688175
H3K4me3,A549 G4+ promoter,69,695.0,0.004861266817897558
H3K4me3,A549 G4+ promoter,70,705.0,0.0049691591411828995
H3K4me3,A549 G4+ promoter,71,715.0,0.006267464719712734
H3K4me3,A549 G4+ promoter,72,725.0,0.006855188403278589
H3K4me3,A549 G4+ promoter,73,735.0,0.006223294883966446
H3K4me3,A549 G4+ promoter,74,745.0,0.007538160774856806
H3K4me3,A549 G4+ promoter,75,755.0,0.009903729893267155
H3K4me3,A549 G4+ promoter,76,765.0,0.011378003284335136
H3K4me3,A549 G4+ promoter,77,775.0,0.010681677609682083
H3K4me3,A549 G4+ promoter,78,785.0,0.00760664651170373
H3K4me3,A549 G4+ promoter,79,795.0,0.007430246099829674
H3K4me3,A549 G4+ promoter,80,805.0,0.008810780942440033
H3K4me3,A549 G4+ promoter,81,815.0,0.00992039404809475
H3K4me3,A549 G4+ promoter,82,825.0,0.012165375985205173
H3K4me3,A549 G4+ promoter,83,835.0,0.018989382311701775
H3K4me3,A549 G4+ promoter,84,845.0,0.01024725753813982
H3K4me3,A549 G4+ promoter,85,855.0,0.006869855336844921
H3K4me3,A549 G4+ promoter,86,865.0,0.008405678905546665
H3K4me3,A549 G4+ promoter,87,875.0,0.009623676538467407
H3K4me3,A549 G4+ promoter,88,885.0,0.008171149529516697
H3K4me3,A549 G4+ promoter,89,895.0,0.007096509449183941
H3K4me3,A549 G4+ promoter,90,905.0,0.015394210815429688
H3K4me3,A549 G4+ promoter,91,915.0,0.024556929245591164
H3K4me3,A549 G4+ promoter,92,925.0,0.011538462713360786
H3K4me3,A549 G4+ promoter,93,935.0,0.00860368087887764
H3K4me3,A549 G4+ promoter,94,945.0,0.008554494939744473
H3K4me3,A549 G4+ promoter,95,955.0,0.00811763759702444
H3K4me3,A549 G4+ promoter,96,965.0,0.00948073249310255
H3K4me3,A549 G4+ promoter,97,975.0,0.010395608842372894
H3K4me3,A549 G4+ promoter,98,985.0,0.012981409206986427
H3K4me3,A549 G4+ promoter,99,995.0,0.038536280393600464
H3K4me3,A549 G4+ enhancer,0,5.0,0.02020924724638462
H3K4me3,A549 G4+ enhancer,1,15.0,0.011156703345477581
H3K4me3,A549 G4+ enhancer,2,25.0,0.006332448683679104
H3K4me3,A549 G4+ enhancer,3,35.0,0.0029671471565961838
H3K4me3,A549 G4+ enhancer,4,45.0,0.002657670760527253
H3K4me3,A549 G4+ enhancer,5,55.0,0.0033069404307752848
H3K4me3,A549 G4+ enhancer,6,65.0,0.005059089045971632
H3K4me3,A549 G4+ enhancer,7,75.0,0.009467381052672863
H3K4me3,A549 G4+ enhancer,8,85.0,0.014409786090254784
H3K4me3,A549 G4+ enhancer,9,95.0,0.010481803677976131
H3K4me3,A549 G4+ enhancer,10,105.0,0.009169943630695343
H3K4me3,A549 G4+ enhancer,11,115.0,0.009940734133124352
H3K4me3,A549 G4+ enhancer,12,125.0,0.007426021154969931
H3K4me3,A549 G4+ enhancer,13,135.0,0.00541928643360734
H3K4me3,A549 G4+ enhancer,14,145.0,0.008816770277917385
H3K4me3,A549 G4+ enhancer,15,155.0,0.022770268842577934
H3K4me3,A549 G4+ enhancer,16,165.0,0.011446749791502953
H3K4me3,A549 G4+ enhancer,17,175.0,0.008409429341554642
H3K4me3,A549 G4+ enhancer,18,185.0,0.010547852143645287
H3K4me3,A549 G4+ enhancer,19,195.0,0.00985940545797348
H3K4me3,A549 G4+ enhancer,20,205.0,0.008440840989351273
H3K4me3,A549 G4+ enhancer,21,215.0,0.007977917790412903
H3K4me3,A549 G4+ enhancer,22,225.0,0.007436458021402359
H3K4me3,A549 G4+ enhancer,23,235.0,0.007332893554121256
H3K4me3,A549 G4+ enhancer,24,245.0,0.006993475370109081
H3K4me3,A549 G4+ enhancer,25,255.0,0.007188270799815655
H3K4me3,A549 G4+ enhancer,26,265.0,0.006443127989768982
H3K4me3,A549 G4+ enhancer,27,275.0,0.004419555887579918
H3K4me3,A549 G4+ enhancer,28,285.0,0.0029735001735389233
H3K4me3,A549 G4+ enhancer,29,295.0,0.00386296515353024
H3K4me3,A549 G4+ enhancer,30,305.0,0.0043921200558543205
H3K4me3,A549 G4+ enhancer,31,315.0,0.004286890383809805
H3K4me3,A549 G4+ enhancer,32,325.0,0.00534861208871007
H3K4me3,A549 G4+ enhancer,33,335.0,0.013029336929321289
H3K4me3,A549 G4+ enhancer,34,345.0,0.009552812203764915
H3K4me3,A549 G4+ enhancer,35,355.0,0.0027407847810536623
H3K4me3,A549 G4+ enhancer,36,365.0,0.001886196550913155
H3K4me3,A549 G4+ enhancer,37,375.0,0.002750018145889044
H3K4me3,A549 G4+ enhancer,38,385.0,0.004814073443412781
H3K4me3,A549 G4+ enhancer,39,395.0,0.008764444850385189
H3K4me3,A549 G4+ enhancer,40,405.0,0.012731746770441532
H3K4me3,A549 G4+ enhancer,41,415.0,0.006463183555752039
H3K4me3,A549 G4+ enhancer,42,425.0,0.0065120249055325985
H3K4me3,A549 G4+ enhancer,43,435.0,0.009302846156060696
H3K4me3,A549 G4+ enhancer,44,445.0,0.011636151000857353
H3K4me3,A549 G4+ enhancer,45,455.0,0.017521269619464874
H3K4me3,A549 G4+ enhancer,46,465.0,0.024626577273011208
H3K4me3,A549 G4+ enhancer,47,475.0,0.029441287741065025
H3K4me3,A549 G4+ enhancer,48,485.0,0.02941322512924671
H3K4me3,A549 G4+ enhancer,49,495.0,0.02836030162870884
H3K4me3,A549 G4+ enhancer,50,505.0,0.02931958995759487
H3K4me3,A549 G4+ enhancer,51,515.0,0.030079863965511322
H3K4me3,A549 G4+ enhancer,52,525.0,0.02426016330718994
H3K4me3,A549 G4+ enhancer,53,535.0,0.018134817481040955
H3K4me3,A549 G4+ enhancer,54,545.0,0.012154876254498959
H3K4me3,A549 G4+ enhancer,55,555.0,0.005800568964332342
H3K4me3,A549 G4+ enhancer,56,565.0,0.003129716496914625
H3K4me3,A549 G4+ enhancer,57,575.0,0.00368233653716743
H3K4me3,A549 G4+ enhancer,58,585.0,0.010324434377253056
H3K4me3,A549 G4+ enhancer,59,595.0,0.0059781670570373535
H3K4me3,A549 G4+ enhancer,60,605.0,0.0015730177983641624
H3K4me3,A549 G4+ enhancer,61,615.0,0.0015092645771801472
H3K4me3,A549 G4+ enhancer,62,625.0,0.002235074294731021
H3K4me3,A549 G4+ enhancer,63,635.0,0.00279850116930902
H3K4me3,A549 G4+ enhancer,64,645.0,0.0032154701184481382
H3K4me3,A549 G4+ enhancer,65,655.0,0.007344140205532312
H3K4me3,A549 G4+ enhancer,66,665.0,0.006088544148951769
H3K4me3,A549 G4+ enhancer,67,675.0,0.003999093547463417
H3K4me3,A549 G4+ enhancer,68,685.0,0.004088896326720715
H3K4me3,A549 G4+ enhancer,69,695.0,0.004232979845255613
H3K4me3,A549 G4+ enhancer,70,705.0,0.004531172104179859
H3K4me3,A549 G4+ enhancer,71,715.0,0.005558809731155634
H3K4me3,A549 G4+ enhancer,72,725.0,0.006361682433634996
H3K4me3,A549 G4+ enhancer,73,735.0,0.005945177283138037
H3K4me3,A549 G4+ enhancer,74,745.0,0.007316765375435352
H3K4me3,A549 G4+ enhancer,75,755.0,0.009094185195863247
H3K4me3,A549 G4+ enhancer,76,765.0,0.010650142095983028
H3K4me3,A549 G4+ enhancer,77,775.0,0.010001561604440212
H3K4me3,A549 G4+ enhancer,78,785.0,0.007654362823814154
H3K4me3,A549 G4+ enhancer,79,795.0,0.007547461893409491
H3K4me3,A549 G4+ enhancer,80,805.0,0.008945692330598831
H3K4me3,A549 G4+ enhancer,81,815.0,0.010198351927101612
H3K4me3,A549 G4+ enhancer,82,825.0,0.011605845764279366
H3K4me3,A549 G4+ enhancer,83,835.0,0.01642591878771782
H3K4me3,A549 G4+ enhancer,84,845.0,0.00963076762855053
H3K4me3,A549 G4+ enhancer,85,855.0,0.007305107079446316
H3K4me3,A549 G4+ enhancer,86,865.0,0.009675752371549606
H3K4me3,A549 G4+ enhancer,87,875.0,0.011210952885448933
H3K4me3,A549 G4+ enhancer,88,885.0,0.008900266140699387
H3K4me3,A549 G4+ enhancer,89,895.0,0.007359796669334173
H3K4me3,A549 G4+ enhancer,90,905.0,0.012968897819519043
H3K4me3,A549 G4+ enhancer,91,915.0,0.01837875321507454
H3K4me3,A549 G4+ enhancer,92,925.0,0.010972106829285622
H3K4me3,A549 G4+ enhancer,93,935.0,0.010009446181356907
H3K4me3,A549 G4+ enhancer,94,945.0,0.009790834970772266
H3K4me3,A549 G4+ enhancer,95,955.0,0.008923412300646305
H3K4me3,A549 G4+ enhancer,96,965.0,0.008683652617037296
H3K4me3,A549 G4+ enhancer,97,975.0,0.011194467544555664
H3K4me3,A549 G4+ enhancer,98,985.0,0.01670004241168499
H3K4me3,A549 G4+ enhancer,99,995.0,0.05001150444149971
H3K4me3,HEK293T G4+ promoter,0,5.0,0.018639525398612022
H3K4me3,HEK293T G4+ promoter,1,15.0,0.00956540647894144
H3K4me3,HEK293T G4+ promoter,2,25.0,0.0054153273813426495
H3K4me3,HEK293T G4+ promoter,3,35.0,0.0025500901974737644
H3K4me3,HEK293T G4+ promoter,4,45.0,0.0024204999208450317
H3K4me3,HEK293T G4+ promoter,5,55.0,0.0033586397767066956
H3K4me3,HEK293T G4+ promoter,6,65.0,0.005057619418948889
H3K4me3,HEK293T G4+ promoter,7,75.0,0.009227894246578217
H3K4me3,HEK293T G4+ promoter,8,85.0,0.015045643784105778
H3K4me3,HEK293T G4+ promoter,9,95.0,0.01103992946445942
H3K4me3,HEK293T G4+ promoter,10,105.0,0.009792505763471127
H3K4me3,HEK293T G4+ promoter,11,115.0,0.010531187988817692
H3K4me3,HEK293T G4+ promoter,12,125.0,0.007921705022454262
H3K4me3,HEK293T G4+ promoter,13,135.0,0.005899325478821993
H3K4me3,HEK293T G4+ promoter,14,145.0,0.009044613689184189
H3K4me3,HEK293T G4+ promoter,15,155.0,0.02118282951414585
H3K4me3,HEK293T G4+ promoter,16,165.0,0.01179161760956049
H3K4me3,HEK293T G4+ promoter,17,175.0,0.009511161595582962
H3K4me3,HEK293T G4+ promoter,18,185.0,0.011903549544513226
H3K4me3,HEK293T G4+ promoter,19,195.0,0.011612484231591225
H3K4me3,HEK293T G4+ promoter,20,205.0,0.00927460566163063
H3K4me3,HEK293T G4+ promoter,21,215.0,0.008569587953388691
H3K4me3,HEK293T G4+ promoter,22,225.0,0.007904683239758015
H3K4me3,HEK293T G4+ promoter,23,235.0,0.0074393670074641705
H3K4me3,HEK293T G4+ promoter,24,245.0,0.00754588982090354
H3K4me3,HEK293T G4+ promoter,25,255.0,0.008401676081120968
H3K4me3,HEK293T G4+ promoter,26,265.0,0.00842438917607069
H3K4me3,HEK293T G4+ promoter,27,275.0,0.00527995964512229
H3K4me3,HEK293T G4+ promoter,28,285.0,0.0035344259813427925
H3K4me3,HEK293T G4+ promoter,29,295.0,0.004438422620296478
H3K4me3,HEK293T G4+ promoter,30,305.0,0.005026301369071007
H3K4me3,HEK293T G4+ promoter,31,315.0,0.004546956159174442
H3K4me3,HEK293T G4+ promoter,32,325.0,0.006397771183401346
H3K4me3,HEK293T G4+ promoter,33,335.0,0.0138719342648983
H3K4me3,HEK293T G4+ promoter,34,345.0,0.009490106254816055
H3K4me3,HEK293T G4+ promoter,35,355.0,0.0029698226135224104
H3K4me3,HEK293T G4+ promoter,36,365.0,0.0025108037516474724
H3K4me3,HEK293T G4+ promoter,37,375.0,0.0035447804257273674
H3K4me3,HEK293T G4+ promoter,38,385.0,0.006457366514950991
H3K4me3,HEK293T G4+ promoter,39,395.0,0.011429074220359325
H3K4me3,HEK293T G4+ promoter,40,405.0,0.016685130074620247
H3K4me3,HEK293T G4+ promoter,41,415.0,0.008254298940300941
H3K4me3,HEK293T G4+ promoter,42,425.0,0.006994239520281553
H3K4me3,HEK293T G4+ promoter,43,435.0,0.009067120961844921
H3K4me3,HEK293T G4+ promoter,44,445.0,0.011379556730389595
H3K4me3,HEK293T G4+ promoter,45,455.0,0.016200054436922073
H3K4me3,HEK293T G4+ promoter,46,465.0,0.0222206711769104
H3K4me3,HEK293T G4+ promoter,47,475.0,0.025850171223282814
H3K4me3,HEK293T G4+ promoter,48,485.0,0.024225853383541107
H3K4me3,HEK293T G4+ promoter,49,495.0,0.02310958132147789
H3K4me3,HEK293T G4+ promoter,50,505.0,0.02484605461359024
H3K4me3,HEK293T G4+ promoter,51,515.0,0.026764309033751488
H3K4me3,HEK293T G4+ promoter,52,525.0,0.022703539580106735
H3K4me3,HEK293T G4+ promoter,53,535.0,0.019168421626091003
H3K4me3,HEK293T G4+ promoter,54,545.0,0.014647717587649822
H3K4me3,HEK293T G4+ promoter,55,555.0,0.007843125611543655
H3K4me3,HEK293T G4+ promoter,56,565.0,0.0038589858449995518
H3K4me3,HEK293T G4+ promoter,57,575.0,0.004513940773904324
H3K4me3,HEK293T G4+ promoter,58,585.0,0.013134576380252838
H3K4me3,HEK293T G4+ promoter,59,595.0,0.008366549387574196
H3K4me3,HEK293T G4+ promoter,60,605.0,0.0020043468102812767
H3K4me3,HEK293T G4+ promoter,61,615.0,0.002263100352138281
H3K4me3,HEK293T G4+ promoter,62,625.0,0.0043234569020569324
H3K4me3,HEK293T G4+ promoter,63,635.0,0.004679632838815451
H3K4me3,HEK293T G4+ promoter,64,645.0,0.003959628753364086
H3K4me3,HEK293T G4+ promoter,65,655.0,0.01017254963517189
H3K4me3,HEK293T G4+ promoter,66,665.0,0.008289328776299953
H3K4me3,HEK293T G4+ promoter,67,675.0,0.004402549006044865
H3K4me3,HEK293T G4+ promoter,68,685.0,0.004288629163056612
H3K4me3,HEK293T G4+ promoter,69,695.0,0.004310470540076494
H3K4me3,HEK293T G4+ promoter,70,705.0,0.004779682960361242
H3K4me3,HEK293T G4+ promoter,71,715.0,0.006409162189811468
H3K4me3,HEK293T G4+ promoter,72,725.0,0.006300147157162428
H3K4me3,HEK293T G4+ promoter,73,735.0,0.005903412587940693
H3K4me3,HEK293T G4+ promoter,74,745.0,0.0071448772214353085
H3K4me3,HEK293T G4+ promoter,75,755.0,0.009697744622826576
H3K4me3,HEK293T G4+ promoter,76,765.0,0.011680440045893192
H3K4me3,HEK293T G4+ promoter,77,775.0,0.010424601845443249
H3K4me3,HEK293T G4+ promoter,78,785.0,0.0072335489094257355
H3K4me3,HEK293T G4+ promoter,79,795.0,0.0069837141782045364
H3K4me3,HEK293T G4+ promoter,80,805.0,0.008286566473543644
H3K4me3,HEK293T G4+ promoter,81,815.0,0.009364322759211063
H3K4me3,HEK293T G4+ promoter,82,825.0,0.01103582140058279
H3K4me3,HEK293T G4+ promoter,83,835.0,0.016865186393260956
H3K4me3,HEK293T G4+ promoter,84,845.0,0.010163738392293453
H3K4me3,HEK293T G4+ promoter,85,855.0,0.007221289910376072
H3K4me3,HEK293T G4+ promoter,86,865.0,0.008679118938744068
H3K4me3,HEK293T G4+ promoter,87,875.0,0.010178949683904648
H3K4me3,HEK293T G4+ promoter,88,885.0,0.008832492865622044
H3K4me3,HEK293T G4+ promoter,89,895.0,0.007971259765326977
H3K4me3,HEK293T G4+ promoter,90,905.0,0.013036136515438557
H3K4me3,HEK293T G4+ promoter,91,915.0,0.01672719419002533
H3K4me3,HEK293T G4+ promoter,92,925.0,0.01015121303498745
H3K4me3,HEK293T G4+ promoter,93,935.0,0.009831919334828854
H3K4me3,HEK293T G4+ promoter,94,945.0,0.010129195638000965
H3K4me3,HEK293T G4+ promoter,95,955.0,0.008970338851213455
H3K4me3,HEK293T G4+ promoter,96,965.0,0.008399310521781445
H3K4me3,HEK293T G4+ promoter,97,975.0,0.008462547324597836
H3K4me3,HEK293T G4+ promoter,98,985.0,0.012486999854445457
H3K4me3,HEK293T G4+ promoter,99,995.0,0.03955196961760521
H3K4me3,HEK293T G4+ enhancer,0,5.0,0.007308604661375284
H3K4me3,HEK293T G4+ enhancer,1,15.0,0.004589227493852377
H3K4me3,HEK293T G4+ enhancer,2,25.0,0.0029282327741384506
H3K4me3,HEK293T G4+ enhancer,3,35.0,0.0018371827900409698
H3K4me3,HEK293T G4+ enhancer,4,45.0,0.0015627768589183688
H3K4me3,HEK293T G4+ enhancer,5,55.0,0.0020496814977377653
H3K4me3,HEK293T G4+ enhancer,6,65.0,0.0028287607710808516
H3K4me3,HEK293T G4+ enhancer,7,75.0,0.00500128511339426
H3K4me3,HEK293T G4+ enhancer,8,85.0,0.008328540250658989
H3K4me3,HEK293T G4+ enhancer,9,95.0,0.00741819990798831
H3K4me3,HEK293T G4+ enhancer,10,105.0,0.009293369948863983
H3K4me3,HEK293T G4+ enhancer,11,115.0,0.013471785932779312
H3K4me3,HEK293T G4+ enhancer,12,125.0,0.009441269561648369
H3K4me3,HEK293T G4+ enhancer,13,135.0,0.005325273144990206
H3K4me3,HEK293T G4+ enhancer,14,145.0,0.008193870075047016
H3K4me3,HEK293T G4+ enhancer,15,155.0,0.029185006394982338
H3K4me3,HEK293T G4+ enhancer,16,165.0,0.015320002101361752
H3K4me3,HEK293T G4+ enhancer,17,175.0,0.01333722472190857
H3K4me3,HEK293T G4+ enhancer,18,185.0,0.01993991807103157
H3K4me3,HEK293T G4+ enhancer,19,195.0,0.01729193516075611
H3K4me3,HEK293T G4+ enhancer,20,205.0,0.01003953441977501
H3K4me3,HEK293T G4+ enhancer,21,215.0,0.007447319105267525
H3K4me3,HEK293T G4+ enhancer,22,225.0,0.006627995986491442
H3K4me3,HEK293T G4+ enhancer,23,235.0,0.005696478299796581
H3K4me3,HEK293T G4+ enhancer,24,245.0,0.005505470559000969
H3K4me3,HEK293T G4+ enhancer,25,255.0,0.0054999482817947865
H3K4me3,HEK293T G4+ enhancer,26,265.0,0.0049909125082194805
H3K4me3,HEK293T G4+ enhancer,27,275.0,0.003440623637288809
H3K4me3,HEK293T G4+ enhancer,28,285.0,0.003017650917172432
H3K4me3,HEK293T G4+ enhancer,29,295.0,0.003281428012996912
H3K4me3,HEK293T G4+ enhancer,30,305.0,0.0035815152805298567
H3K4me3,HEK293T G4+ enhancer,31,315.0,0.0036751837469637394
H3K4me3,HEK293T G4+ enhancer,32,325.0,0.004966292064636946
H3K4me3,HEK293T G4+ enhancer,33,335.0,0.00857312697917223
H3K4me3,HEK293T G4+ enhancer,34,345.0,0.006282795686274767
H3K4me3,HEK293T G4+ enhancer,35,355.0,0.0033453949727118015
H3K4me3,HEK293T G4+ enhancer,36,365.0,0.0025301009882241488
H3K4me3,HEK293T G4+ enhancer,37,375.0,0.002617128426209092
H3K4me3,HEK293T G4+ enhancer,38,385.0,0.003779672086238861
H3K4me3,HEK293T G4+ enhancer,39,395.0,0.006103960331529379
H3K4me3,HEK293T G4+ enhancer,40,405.0,0.008667360059916973
H3K4me3,HEK293T G4+ enhancer,41,415.0,0.006526830140501261
H3K4me3,HEK293T G4+ enhancer,42,425.0,0.007664475589990616
H3K4me3,HEK293T G4+ enhancer,43,435.0,0.010661116801202297
H3K4me3,HEK293T G4+ enhancer,44,445.0,0.011146092787384987
H3K4me3,HEK293T G4+ enhancer,45,455.0,0.015154015272855759
H3K4me3,HEK293T G4+ enhancer,46,465.0,0.020854663103818893
H3K4me3,HEK293T G4+ enhancer,47,475.0,0.024362124502658844
H3K4me3,HEK293T G4+ enhancer,48,485.0,0.025534406304359436
H3K4me3,HEK293T G4+ enhancer,49,495.0,0.029769353568553925
H3K4me3,HEK293T G4+ enhancer,50,505.0,0.043983861804008484
H3K4me3,HEK293T G4+ enhancer,51,515.0,0.05916132032871246
H3K4me3,HEK293T G4+ enhancer,52,525.0,0.04100707545876503
H3K4me3,HEK293T G4+ enhancer,53,535.0,0.02471744269132614
H3K4me3,HEK293T G4+ enhancer,54,545.0,0.016628216952085495
H3K4me3,HEK293T G4+ enhancer,55,555.0,0.009335923939943314
H3K4me3,HEK293T G4+ enhancer,56,565.0,0.00578306894749403
H3K4me3,HEK293T G4+ enhancer,57,575.0,0.006275555584579706
H3K4me3,HEK293T G4+ enhancer,58,585.0,0.00996809359639883
H3K4me3,HEK293T G4+ enhancer,59,595.0,0.006132687907665968
H3K4me3,HEK293T G4+ enhancer,60,605.0,0.0023958568926900625
H3K4me3,HEK293T G4+ enhancer,61,615.0,0.001654881052672863
H3K4me3,HEK293T G4+ enhancer,62,625.0,0.001830252236686647
H3K4me3,HEK293T G4+ enhancer,63,635.0,0.001996543724089861
H3K4me3,HEK293T G4+ enhancer,64,645.0,0.0026198977138847113
H3K4me3,HEK293T G4+ enhancer,65,655.0,0.005430461838841438
H3K4me3,HEK293T G4+ enhancer,66,665.0,0.005154224578291178
H3K4me3,HEK293T G4+ enhancer,67,675.0,0.0038871087599545717
H3K4me3,HEK293T G4+ enhancer,68,685.0,0.00373563589528203
H3K4me3,HEK293T G4+ enhancer,69,695.0,0.0036623766645789146
H3K4me3,HEK293T G4+ enhancer,70,705.0,0.0038428199477493763
H3K4me3,HEK293T G4+ enhancer,71,715.0,0.0049205198884010315
H3K4me3,HEK293T G4+ enhancer,72,725.0,0.005018819589167833
H3K4me3,HEK293T G4+ enhancer,73,735.0,0.004901492968201637
H3K4me3,HEK293T G4+ enhancer,74,745.0,0.005882441997528076
H3K4me3,HEK293T G4+ enhancer,75,755.0,0.0077692605555057526
H3K4me3,HEK293T G4+ enhancer,76,765.0,0.008722653612494469
H3K4me3,HEK293T G4+ enhancer,77,775.0,0.007358417380601168
H3K4me3,HEK293T G4+ enhancer,78,785.0,0.006110280752182007
H3K4me3,HEK293T G4+ enhancer,79,795.0,0.006010296288877726
H3K4me3,HEK293T G4+ enhancer,80,805.0,0.00713371392339468
H3K4me3,HEK293T G4+ enhancer,81,815.0,0.007755298633128405
H3K4me3,HEK293T G4+ enhancer,82,825.0,0.008236698806285858
H3K4me3,HEK293T G4+ enhancer,83,835.0,0.010492422617971897
H3K4me3,HEK293T G4+ enhancer,84,845.0,0.007046032696962357
H3K4me3,HEK293T G4+ enhancer,85,855.0,0.00610550818964839
H3K4me3,HEK293T G4+ enhancer,86,865.0,0.00905006192624569
H3K4me3,HEK293T G4+ enhancer,87,875.0,0.011500231921672821
H3K4me3,HEK293T G4+ enhancer,88,885.0,0.009396977722644806
H3K4me3,HEK293T G4+ enhancer,89,895.0,0.00770663982257247
H3K4me3,HEK293T G4+ enhancer,90,905.0,0.01009366661310196
H3K4me3,HEK293T G4+ enhancer,91,915.0,0.015478118322789669
H3K4me3,HEK293T G4+ enhancer,92,925.0,0.011601927690207958
H3K4me3,HEK293T G4+ enhancer,93,935.0,0.013588419184088707
H3K4me3,HEK293T G4+ enhancer,94,945.0,0.015082869678735733
H3K4me3,HEK293T G4+ enhancer,95,955.0,0.012866854667663574
H3K4me3,HEK293T G4+ enhancer,96,965.0,0.010612273588776588
H3K4me3,HEK293T G4+ enhancer,97,975.0,0.010277560912072659
H3K4me3,HEK293T G4+ enhancer,98,985.0,0.01475862879306078
H3K4me3,HEK293T G4+ enhancer,99,995.0,0.039323512464761734
H3K4me3,A549 G4-,0,5.0,0.006707619410008192
H3K4me3,A549 G4-,1,15.0,0.0033637508749961853
H3K4me3,A549 G4-,2,25.0,0.0014947078889235854
H3K4me3,A549 G4-,3,35.0,0.0008400913793593645
H3K4me3,A549 G4-,4,45.0,0.0007654316141270101
H3K4me3,A549 G4-,5,55.0,0.0008832649909891188
H3K4me3,A549 G4-,6,65.0,0.0011358336778357625
H3K4me3,A549 G4-,7,75.0,0.0018025358440354466
H3K4me3,A549 G4-,8,85.0,0.003299406263977289
H3K4me3,A549 G4-,9,95.0,0.005104247946292162
H3K4me3,A549 G4-,10,105.0,0.01660817675292492
H3K4me3,A549 G4-,11,115.0,0.03742776811122894
H3K4me3,A549 G4-,12,125.0,0.022505877539515495
H3K4me3,A549 G4-,13,135.0,0.006302810274064541
H3K4me3,A549 G4-,14,145.0,0.005146858282387257
H3K4me3,A549 G4-,15,155.0,0.018019212409853935
H3K4me3,A549 G4-,16,165.0,0.01093273889273405
H3K4me3,A549 G4-,17,175.0,0.017442947253584862
H3K4me3,A549 G4-,18,185.0,0.04059038683772087
H3K4me3,A549 G4-,19,195.0,0.03397185727953911
H3K4me3,A549 G4-,20,205.0,0.012865246273577213
H3K4me3,A549 G4-,21,215.0,0.00562527310103178
H3K4me3,A549 G4-,22,225.0,0.0038049030117690563
H3K4me3,A549 G4-,23,235.0,0.0034774616360664368
H3K4me3,A549 G4-,24,245.0,0.0036314590834081173
H3K4me3,A549 G4-,25,255.0,0.0031695354264229536
H3K4me3,A549 G4-,26,265.0,0.002137556904926896
H3K4me3,A549 G4-,27,275.0,0.0015568971866741776
H3K4me3,A549 G4-,28,285.0,0.0017011964228004217
H3K4me3,A549 G4-,29,295.0,0.002104151528328657
H3K4me3,A549 G4-,30,305.0,0.0022941778879612684
H3K4me3,A549 G4-,31,315.0,0.0023173855151981115
H3K4me3,A549 G4-,32,325.0,0.003107929602265358
H3K4me3,A549 G4-,33,335.0,0.004567890893667936
H3K4me3,A549 G4-,34,345.0,0.0038908584974706173
H3K4me3,A549 G4-,35,355.0,0.003102741204202175
H3K4me3,A549 G4-,36,365.0,0.002629872877150774
H3K4me3,A549 G4-,37,375.0,0.002351757837459445
H3K4me3,A549 G4-,38,385.0,0.0026052938774228096
H3K4me3,A549 G4-,39,395.0,0.0036297310143709183
H3K4me3,A549 G4-,40,405.0,0.0054345265962183475
H3K4me3,A549 G4-,41,415.0,0.006523513700813055
H3K4me3,A549 G4-,42,425.0,0.007101799827069044
H3K4me3,A549 G4-,43,435.0,0.007500265724956989
H3K4me3,A549 G4-,44,445.0,0.007355267181992531
H3K4me3,A549 G4-,45,455.0,0.008959094062447548
H3K4me3,A549 G4-,46,465.0,0.012269485741853714
H3K4me3,A549 G4-,47,475.0,0.01593182049691677
H3K4me3,A549 G4-,48,485.0,0.0195065438747406
H3K4me3,A549 G4-,49,495.0,0.027604931965470314
H3K4me3,A549 G4-,50,505.0,0.050010573118925095
H3K4me3,A549 G4-,51,515.0,0.07470584660768509
H3K4me3,A549 G4-,52,525.0,0.05793764069676399
H3K4me3,A549 G4-,53,535.0,0.03821878135204315
H3K4me3,A549 G4-,54,545.0,0.026998070999979973
H3K4me3,A549 G4-,55,555.0,0.015524609945714474
H3K4me3,A549 G4-,56,565.0,0.009700369089841843
H3K4me3,A549 G4-,57,575.0,0.010032313875854015
H3K4me3,A549 G4-,58,585.0,0.011793467216193676
H3K4me3,A549 G4-,59,595.0,0.006983115803450346
H3K4me3,A549 G4-,60,605.0,0.0031244640704244375
H3K4me3,A549 G4-,61,615.0,0.0016692782519385219
H3K4me3,A549 G4-,62,625.0,0.001250787521712482
H3K4me3,A549 G4-,63,635.0,0.001243776292540133
H3K4me3,A549 G4-,64,645.0,0.0018556773429736495
H3K4me3,A549 G4-,65,655.0,0.0034854677505791187
H3K4me3,A549 G4-,66,665.0,0.0033693406730890274
H3K4me3,A549 G4-,67,675.0,0.002484862692654133
H3K4me3,A549 G4-,68,685.0,0.002712325192987919
H3K4me3,A549 G4-,69,695.0,0.0026248700451105833
H3K4me3,A549 G4-,70,705.0,0.002785642398521304
H3K4me3,A549 G4-,71,715.0,0.003793390467762947
H3K4me3,A549 G4-,72,725.0,0.003850133391097188
H3K4me3,A549 G4-,73,735.0,0.0031876794528216124
H3K4me3,A549 G4-,74,745.0,0.0033811242319643497
H3K4me3,A549 G4-,75,755.0,0.00448312982916832
H3K4me3,A549 G4-,76,765.0,0.004854794591665268
H3K4me3,A549 G4-,77,775.0,0.003792187897488475
H3K4me3,A549 G4-,78,785.0,0.0027804758865386248
H3K4me3,A549 G4-,79,795.0,0.002935366239398718
H3K4me3,A549 G4-,80,805.0,0.003341512754559517
H3K4me3,A549 G4-,81,815.0,0.003228893270716071
H3K4me3,A549 G4-,82,825.0,0.0028507886454463005
H3K4me3,A549 G4-,83,835.0,0.003333049826323986
H3K4me3,A549 G4-,84,845.0,0.002427302999421954
H3K4me3,A549 G4-,85,855.0,0.002547080162912607
H3K4me3,A549 G4-,86,865.0,0.004391873255372047
H3K4me3,A549 G4-,87,875.0,0.007168118841946125
H3K4me3,A549 G4-,88,885.0,0.00819519255310297
H3K4me3,A549 G4-,89,895.0,0.007708780933171511
H3K4me3,A549 G4-,90,905.0,0.00898873619735241
H3K4me3,A549 G4-,91,915.0,0.013016960583627224
H3K4me3,A549 G4-,92,925.0,0.014682106673717499
H3K4me3,A549 G4-,93,935.0,0.02177886664867401
H3K4me3,A549 G4-,94,945.0,0.026055950671434402
H3K4me3,A549 G4-,95,955.0,0.02257431671023369
H3K4me3,A549 G4-,96,965.0,0.017129316926002502
H3K4me3,A549 G4-,97,975.0,0.014024942182004452
H3K4me3,A549 G4-,98,985.0,0.013632714748382568
H3K4me3,A549 G4-,99,995.0,0.01824985072016716
H3K27ac,A549 G4+ all,0,5.0,0.032030247151851654
H3K27ac,A549 G4+ all,1,15.0,0.01058515440672636
H3K27ac,A549 G4+ all,2,25.0,0.007227683439850807
H3K27ac,A549 G4+ all,3,35.0,0.007472267374396324
H3K27ac,A549 G4+ all,4,45.0,0.00930406991392374
H3K27ac,A549 G4+ all,5,55.0,0.011620785109698772
H3K27ac,A549 G4+ all,6,65.0,0.014651067554950714
H3K27ac,A549 G4+ all,7,75.0,0.015666460618376732
H3K27ac,A549 G4+ all,8,85.0,0.009398174472153187
H3K27ac,A549 G4+ all,9,95.0,0.004445721860975027
H3K27ac,A549 G4+ all,10,105.0,0.003410039935261011
H3K27ac,A549 G4+ all,11,115.0,0.0036621626932173967
H3K27ac,A549 G4+ all,12,125.0,0.003488581394776702
H3K27ac,A549 G4+ all,13,135.0,0.003278609598055482
H3K27ac,A549 G4+ all,14,145.0,0.003188016824424267
H3K27ac,A549 G4+ all,15,155.0,0.003925827331840992
H3K27ac,A549 G4+ all,16,165.0,0.004087804816663265
H3K27ac,A549 G4+ all,17,175.0,0.004421340301632881
H3K27ac,A549 G4+ all,18,185.0,0.004155888222157955
H3K27ac,A549 G4+ all,19,195.0,0.0034420043230056763
H3K27ac,A549 G4+ all,20,205.0,0.00297700148075819
H3K27ac,A549 G4+ all,21,215.0,0.0034317232202738523
H3K27ac,A549 G4+ all,22,225.0,0.004754081834107637
H3K27ac,A549 G4+ all,23,235.0,0.007018304895609617
H3K27ac,A549 G4+ all,24,245.0,0.007661917246878147
H3K27ac,A549 G4+ all,25,255.0,0.00575821939855814
H3K27ac,A549 G4+ all,26,265.0,0.0035335856955498457
H3K27ac,A549 G4+ all,27,275.0,0.003291833447292447
H3K27ac,A549 G4+ all,28,285.0,0.004155169241130352
H3K27ac,A549 G4+ all,29,295.0,0.0070092459209263325
H3K27ac,A549 G4+ all,30,305.0,0.01048322580754757
H3K27ac,A549 G4+ all,31,315.0,0.00848664715886116
H3K27ac,A549 G4+ all,32,325.0,0.006008157506585121
H3K27ac,A549 G4+ all,33,335.0,0.004683983977884054
H3K27ac,A549 G4+ all,34,345.0,0.004256749525666237
H3K27ac,A549 G4+ all,35,355.0,0.006066551432013512
H3K27ac,A549 G4+ all,36,365.0,0.008670754730701447
H3K27ac,A549 G4+ all,37,375.0,0.00929835345596075
H3K27ac,A549 G4+ all,38,385.0,0.008286233991384506
H3K27ac,A549 G4+ all,39,395.0,0.008272715844213963
H3K27ac,A549 G4+ all,40,405.0,0.009004790335893631
H3K27ac,A549 G4+ all,41,415.0,0.009423192590475082
H3K27ac,A549 G4+ all,42,425.0,0.009892435744404793
H3K27ac,A549 G4+ all,43,435.0,0.011448107659816742
H3K27ac,A549 G4+ all,44,445.0,0.021433904767036438
H3K27ac,A549 G4+ all,45,455.0,0.051992498338222504
H3K27ac,A549 G4+ all,46,465.0,0.0995214581489563
H3K27ac,A549 G4+ all,47,475.0,0.10164608061313629
H3K27ac,A549 G4+ all,48,485.0,0.06409449130296707
H3K27ac,A549 G4+ all,49,495.0,0.03993822634220123
H3K27ac,A549 G4+ all,50,505.0,0.021920112892985344
H3K27ac,A549 G4+ all,51,515.0,0.010481273755431175
H3K27ac,A549 G4+ all,52,525.0,0.005513655487447977
H3K27ac,A549 G4+ all,53,535.0,0.004800571594387293
H3K27ac,A549 G4+ all,54,545.0,0.006171668879687786
H3K27ac,A549 G4+ all,55,555.0,0.008256285451352596
H3K27ac,A549 G4+ all,56,565.0,0.007706288248300552
H3K27ac,A549 G4+ all,57,575.0,0.005623405799269676
H3K27ac,A549 G4+ all,58,585.0,0.003985037561506033
H3K27ac,A549 G4+ all,59,595.0,0.0034422886092215776
H3K27ac,A549 G4+ all,60,605.0,0.004279841668903828
H3K27ac,A549 G4+ all,61,615.0,0.006450092885643244
H3K27ac,A549 G4+ all,62,625.0,0.006559780798852444
H3K27ac,A549 G4+ all,63,635.0,0.0045427726581692696
H3K27ac,A549 G4+ all,64,645.0,0.0030057900585234165
H3K27ac,A549 G4+ all,65,655.0,0.00318380119279027
H3K27ac,A549 G4+ all,66,665.0,0.003808427369222045
H3K27ac,A549 G4+ all,67,675.0,0.004195507615804672
H3K27ac,A549 G4+ all,68,685.0,0.0041265590116381645
H3K27ac,A549 G4+ all,69,695.0,0.003432987257838249
H3K27ac,A549 G4+ all,70,705.0,0.0032096311915665865
H3K27ac,A549 G4+ all,71,715.0,0.0032945566345006227
H3K27ac,A549 G4+ all,72,725.0,0.0043101124465465546
H3K27ac,A549 G4+ all,73,735.0,0.005848079454153776
H3K27ac,A549 G4+ all,74,745.0,0.005878895986825228
H3K27ac,A549 G4+ all,75,755.0,0.004375374410301447
H3K27ac,A549 G4+ all,76,765.0,0.002995383460074663
H3K27ac,A549 G4+ all,77,775.0,0.0029551112093031406
H3K27ac,A549 G4+ all,78,785.0,0.003674251027405262
H3K27ac,A549 G4+ all,79,795.0,0.0048441034741699696
H3K27ac,A549 G4+ all,80,805.0,0.005774949211627245
H3K27ac,A549 G4+ all,81,815.0,0.007141591515392065
H3K27ac,A549 G4+ all,82,825.0,0.009653222747147083
H3K27ac,A549 G4+ all,83,835.0,0.009549063630402088
H3K27ac,A549 G4+ all,84,845.0,0.005386837758123875
H3K27ac,A549 G4+ all,85,855.0,0.0033712396398186684
H3K27ac,A549 G4+ all,86,865.0,0.0030241459608078003
H3K27ac,A549 G4+ all,87,875.0,0.003494442440569401
H3K27ac,A549 G4+ all,88,885.0,0.002989749424159527
H3K27ac,A549 G4+ all,89,895.0,0.0029953368939459324
H3K27ac,A549 G4+ all,90,905.0,0.0035245262552052736
H3K27ac,A549 G4+ all,91,915.0,0.00423944229260087
H3K27ac,A549 G4+ all,92,925.0,0.004013195168226957
H3K27ac,A549 G4+ all,93,935.0,0.0036955461837351322
H3K27ac,A549 G4+ all,94,945.0,0.0033800676465034485
H3K27ac,A549 G4+ all,95,955.0,0.0031869930680841208
H3K27ac,A549 G4+ all,96,965.0,0.003916890360414982
H3K27ac,A549 G4+ all,97,975.0,0.00650317408144474
H3K27ac,A549 G4+ all,98,985.0,0.013359719887375832
H3K27ac,A549 G4+ all,99,995.0,0.035966645926237106
H3K27ac,A549 G4+ promoter,0,5.0,0.03341124579310417
H3K27ac,A549 G4+ promoter,1,15.0,0.01048033032566309
H3K27ac,A549 G4+ promoter,2,25.0,0.007060202769935131
H3K27ac,A549 G4+ promoter,3,35.0,0.007362067699432373
H3K27ac,A549 G4+ promoter,4,45.0,0.009237530641257763
H3K27ac,A549 G4+ promoter,5,55.0,0.011721035465598106
H3K27ac,A549 G4+ promoter,6,65.0,0.014573871158063412
H3K27ac,A549 G4+ promoter,7,75.0,0.015198744833469391
H3K27ac,A549 G4+ promoter,8,85.0,0.009018274955451488
H3K27ac,A549 G4+ promoter,9,95.0,0.004257456865161657
H3K27ac,A549 G4+ promoter,10,105.0,0.0033067497424781322
H3K27ac,A549 G4+ promoter,11,115.0,0.0035184843000024557
H3K27ac,A549 G4+ promoter,12,125.0,0.0033975255209952593
H3K27ac,A549 G4+ promoter,13,135.0,0.0032338269520550966
H3K27ac,A549 G4+ promoter,14,145.0,0.0030569250229746103
H3K27ac,A549 G4+ promoter,15,155.0,0.00395703362300992
H3K27ac,A549 G4+ promoter,16,165.0,0.004123632796108723
H3K27ac,A549 G4+ promoter,17,175.0,0.004459152929484844
H3K27ac,A549 G4+ promoter,18,185.0,0.004125854466110468
H3K27ac,A549 G4+ promoter,19,195.0,0.0032297808211296797
H3K27ac,A549 G4+ promoter,20,205.0,0.0028143299277871847
H3K27ac,A549 G4+ promoter,21,215.0,0.00329532939940691
H3K27ac,A549 G4+ promoter,22,225.0,0.004722811747342348
H3K27ac,A549 G4+ promoter,23,235.0,0.0072377705946564674
H3K27ac,A549 G4+ promoter,24,245.0,0.007921993732452393
H3K27ac,A549 G4+ promoter,25,255.0,0.005861899349838495
H3K27ac,A549 G4+ promoter,26,265.0,0.0035416220780462027
H3K27ac,A549 G4+ promoter,27,275.0,0.003238579025492072
H3K27ac,A549 G4+ promoter,28,285.0,0.004009456839412451
H3K27ac,A549 G4+ promoter,29,295.0,0.0068201543763279915
H3K27ac,A549 G4+ promoter,30,305.0,0.010042034089565277
H3K27ac,A549 G4+ promoter,31,315.0,0.008611959405243397
H3K27ac,A549 G4+ promoter,32,325.0,0.006009159609675407
H3K27ac,A549 G4+ promoter,33,335.0,0.004641996696591377
H3K27ac,A549 G4+ promoter,34,345.0,0.0040597510524094105
H3K27ac,A549 G4+ promoter,35,355.0,0.005748836323618889
H3K27ac,A549 G4+ promoter,36,365.0,0.008243963122367859
H3K27ac,A549 G4+ promoter,37,375.0,0.009112359024584293
H3K27ac,A549 G4+ promoter,38,385.0,0.008296073414385319
H3K27ac,A549 G4+ promoter,39,395.0,0.008341916836798191
H3K27ac,A549 G4+ promoter,40,405.0,0.009210873395204544
H3K27ac,A549 G4+ promoter,41,415.0,0.009630623273551464
H3K27ac,A549 G4+ promoter,42,425.0,0.010046664625406265
H3K27ac,A549 G4+ promoter,43,435.0,0.011788655072450638
H3K27ac,A549 G4+ promoter,44,445.0,0.02234107442200184
H3K27ac,A549 G4+ promoter,45,455.0,0.05323108285665512
H3K27ac,A549 G4+ promoter,46,465.0,0.09961111098527908
H3K27ac,A549 G4+ promoter,47,475.0,0.10135155916213989
H3K27ac,A549 G4+ promoter,48,485.0,0.06544104218482971
H3K27ac,A549 G4+ promoter,49,495.0,0.04086683690547943
H3K27ac,A549 G4+ promoter,50,505.0,0.022481806576251984
H3K27ac,A549 G4+ promoter,51,515.0,0.010512005537748337
H3K27ac,A549 G4+ promoter,52,525.0,0.005365944467484951
H3K27ac,A549 G4+ promoter,53,535.0,0.004495048429816961
H3K27ac,A549 G4+ promoter,54,545.0,0.005895314272493124
H3K27ac,A549 G4+ promoter,55,555.0,0.008419942110776901
H3K27ac,A549 G4+ promoter,56,565.0,0.007838515564799309
H3K27ac,A549 G4+ promoter,57,575.0,0.005668527912348509
H3K27ac,A549 G4+ promoter,58,585.0,0.0038299665320664644
H3K27ac,A549 G4+ promoter,59,595.0,0.0033530169166624546
H3K27ac,A549 G4+ promoter,60,605.0,0.0041633243672549725
H3K27ac,A549 G4+ promoter,61,615.0,0.0065559386275708675
H3K27ac,A549 G4+ promoter,62,625.0,0.006732237990945578
H3K27ac,A549 G4+ promoter,63,635.0,0.004624662920832634
H3K27ac,A549 G4+ promoter,64,645.0,0.0030167552176862955
H3K27ac,A549 G4+ promoter,65,655.0,0.003249981440603733
H3K27ac,A549 G4+ promoter,66,665.0,0.0037241524551063776
H3K27ac,A549 G4+ promoter,67,675.0,0.00416754512116313
H3K27ac,A549 G4+ promoter,68,685.0,0.004105615429580212
H3K27ac,A549 G4+ promoter,69,695.0,0.003293638816103339
H3K27ac,A549 G4+ promoter,70,705.0,0.002895680023357272
H3K27ac,A549 G4+ promoter,71,715.0,0.003057953668758273
H3K27ac,A549 G4+ promoter,72,725.0,0.004036872182041407
H3K27ac,A549 G4+ promoter,73,735.0,0.005806859582662582
H3K27ac,A549 G4+ promoter,74,745.0,0.005849029868841171
H3K27ac,A549 G4+ promoter,75,755.0,0.004314542282372713
H3K27ac,A549 G4+ promoter,76,765.0,0.0028001328464597464
H3K27ac,A549 G4+ promoter,77,775.0,0.002724939491599798
H3K27ac,A549 G4+ promoter,78,785.0,0.0032348306849598885
H3K27ac,A549 G4+ promoter,79,795.0,0.004273300990462303
H3K27ac,A549 G4+ promoter,80,805.0,0.005615427624434233
H3K27ac,A549 G4+ promoter,81,815.0,0.00699807470664382
H3K27ac,A549 G4+ promoter,82,825.0,0.009516404941678047
H3K27ac,A549 G4+ promoter,83,835.0,0.009374688379466534
H3K27ac,A549 G4+ promoter,84,845.0,0.005365320481359959
H3K27ac,A549 G4+ promoter,85,855.0,0.003258506767451763
H3K27ac,A549 G4+ promoter,86,865.0,0.002992789726704359
H3K27ac,A549 G4+ promoter,87,875.0,0.0033783819526433945
H3K27ac,A549 G4+ promoter,88,885.0,0.0029244739562273026
H3K27ac,A549 G4+ promoter,89,895.0,0.0028884357307106256
H3K27ac,A549 G4+ promoter,90,905.0,0.0034349425695836544
H3K27ac,A549 G4+ promoter,91,915.0,0.004198962822556496
H3K27ac,A549 G4+ promoter,92,925.0,0.003955119755119085
H3K27ac,A549 G4+ promoter,93,935.0,0.003731745993718505
H3K27ac,A549 G4+ promoter,94,945.0,0.0032119243405759335
H3K27ac,A549 G4+ promoter,95,955.0,0.0027930180076509714
H3K27ac,A549 G4+ promoter,96,965.0,0.0037391597870737314
H3K27ac,A549 G4+ promoter,97,975.0,0.006365654990077019
H3K27ac,A549 G4+ promoter,98,985.0,0.013812022283673286
H3K27ac,A549 G4+ promoter,99,995.0,0.03713561221957207
H3K27ac,A549 G4+ enhancer,0,5.0,0.030156368389725685
H3K27ac,A549 G4+ enhancer,1,15.0,0.012669757939875126
H3K27ac,A549 G4+ enhancer,2,25.0,0.0089876689016819
H3K27ac,A549 G4+ enhancer,3,35.0,0.008724558167159557
H3K27ac,A549 G4+ enhancer,4,45.0,0.010129475966095924
H3K27ac,A549 G4+ enhancer,5,55.0,0.011537590064108372
H3K27ac,A549 G4+ enhancer,6,65.0,0.015101957134902477
H3K27ac,A549 G4+ enhancer,7,75.0,0.0170685276389122
H3K27ac,A549 G4+ enhancer,8,85.0,0.0106012262403965
H3K27ac,A549 G4+ enhancer,9,95.0,0.005221191793680191
H3K27ac,A549 G4+ enhancer,10,105.0,0.0038944624830037355
H3K27ac,A549 G4+ enhancer,11,115.0,0.004591720644384623
H3K27ac,A549 G4+ enhancer,12,125.0,0.004228316713124514
H3K27ac,A549 G4+ enhancer,13,135.0,0.0033276393078267574
H3K27ac,A549 G4+ enhancer,14,145.0,0.0037657811772078276
H3K27ac,A549 G4+ enhancer,15,155.0,0.004032707307487726
H3K27ac,A549 G4+ enhancer,16,165.0,0.003911662846803665
H3K27ac,A549 G4+ enhancer,17,175.0,0.004050842486321926
H3K27ac,A549 G4+ enhancer,18,185.0,0.004309454467147589
H3K27ac,A549 G4+ enhancer,19,195.0,0.0044869305565953255
H3K27ac,A549 G4+ enhancer,20,205.0,0.003743776585906744
H3K27ac,A549 G4+ enhancer,21,215.0,0.00406514061614871
H3K27ac,A549 G4+ enhancer,22,225.0,0.0049508195370435715
H3K27ac,A549 G4+ enhancer,23,235.0,0.006066944450139999
H3K27ac,A549 G4+ enhancer,24,245.0,0.006563612259924412
H3K27ac,A549 G4+ enhancer,25,255.0,0.0055263591930270195
H3K27ac,A549 G4+ enhancer,26,265.0,0.0035273584071546793
H3K27ac,A549 G4+ enhancer,27,275.0,0.003418479347601533
H3K27ac,A549 G4+ enhancer,28,285.0,0.004619019106030464
H3K27ac,A549 G4+ enhancer,29,295.0,0.007028326857835054
H3K27ac,A549 G4+ enhancer,30,305.0,0.007918090559542179
H3K27ac,A549 G4+ enhancer,31,315.0,0.007373287808150053
H3K27ac,A549 G4+ enhancer,32,325.0,0.006242330651730299
H3K27ac,A549 G4+ enhancer,33,335.0,0.004944221582263708
H3K27ac,A549 G4+ enhancer,34,345.0,0.005316142458468676
H3K27ac,A549 G4+ enhancer,35,355.0,0.007852192036807537
H3K27ac,A549 G4+ enhancer,36,365.0,0.010761155746877193
H3K27ac,A549 G4+ enhancer,37,375.0,0.010251665487885475
H3K27ac,A549 G4+ enhancer,38,385.0,0.008174714632332325
H3K27ac,A549 G4+ enhancer,39,395.0,0.008076939731836319
H3K27ac,A549 G4+ enhancer,40,405.0,0.008181443437933922
H3K27ac,A549 G4+ enhancer,41,415.0,0.008729973807930946
H3K27ac,A549 G4+ enhancer,42,425.0,0.009781775064766407
H3K27ac,A549 G4+ enhancer,43,435.0,0.010456916876137257
H3K27ac,A549 G4+ enhancer,44,445.0,0.01807670295238495
H3K27ac,A549 G4+ enhancer,45,455.0,0.0462898388504982
H3K27ac,A549 G4+ enhancer,46,465.0,0.09508275240659714
H3K27ac,A549 G4+ enhancer,47,475.0,0.09795060753822327
H3K27ac,A549 G4+ enhancer,48,485.0,0.05553000047802925
H3K27ac,A549 G4+ enhancer,49,495.0,0.034143172204494476
H3K27ac,A549 G4+ enhancer,50,505.0,0.01851551979780197
H3K27ac,A549 G4+ enhancer,51,515.0,0.01037522591650486
H3K27ac,A549 G4+ enhancer,52,525.0,0.006112431176006794
H3K27ac,A549 G4+ enhancer,53,535.0,0.006192392203956842
H3K27ac,A549 G4+ enhancer,54,545.0,0.007903952151536942
H3K27ac,A549 G4+ enhancer,55,555.0,0.008176828734576702
H3K27ac,A549 G4+ enhancer,56,565.0,0.00786372646689415
H3K27ac,A549 G4+ enhancer,57,575.0,0.005587093066424131
H3K27ac,A549 G4+ enhancer,58,585.0,0.004859784618020058
H3K27ac,A549 G4+ enhancer,59,595.0,0.0041823359206318855
H3K27ac,A549 G4+ enhancer,60,605.0,0.005090618040412664
H3K27ac,A549 G4+ enhancer,61,615.0,0.005989430006593466
H3K27ac,A549 G4+ enhancer,62,625.0,0.005690798629075289
H3K27ac,A549 G4+ enhancer,63,635.0,0.004302054177969694
H3K27ac,A549 G4+ enhancer,64,645.0,0.0032064449042081833
H3K27ac,A549 G4+ enhancer,65,655.0,0.0029910029843449593
H3K27ac,A549 G4+ enhancer,66,665.0,0.004501883871853352
H3K27ac,A549 G4+ enhancer,67,675.0,0.004258852452039719
H3K27ac,A549 G4+ enhancer,68,685.0,0.0043318625539541245
H3K27ac,A549 G4+ enhancer,69,695.0,0.004190346691757441
H3K27ac,A549 G4+ enhancer,70,705.0,0.004700285382568836
H3K27ac,A549 G4+ enhancer,71,715.0,0.004470139276236296
H3K27ac,A549 G4+ enhancer,72,725.0,0.005563816521316767
H3K27ac,A549 G4+ enhancer,73,735.0,0.006100735627114773
H3K27ac,A549 G4+ enhancer,74,745.0,0.006218569353222847
H3K27ac,A549 G4+ enhancer,75,755.0,0.004786040633916855
H3K27ac,A549 G4+ enhancer,76,765.0,0.004014355596154928
H3K27ac,A549 G4+ enhancer,77,775.0,0.004080490209162235
H3K27ac,A549 G4+ enhancer,78,785.0,0.005643418524414301
H3K27ac,A549 G4+ enhancer,79,795.0,0.007135327439755201
H3K27ac,A549 G4+ enhancer,80,805.0,0.006483616307377815
H3K27ac,A549 G4+ enhancer,81,815.0,0.007690724916756153
H3K27ac,A549 G4+ enhancer,82,825.0,0.00990338996052742
H3K27ac,A549 G4+ enhancer,83,835.0,0.010141669772565365
H3K27ac,A549 G4+ enhancer,84,845.0,0.005505304783582687
H3K27ac,A549 G4+ enhancer,85,855.0,0.00404508737847209
H3K27ac,A549 G4+ enhancer,86,865.0,0.003167543327435851
H3K27ac,A549 G4+ enhancer,87,875.0,0.003948315512388945
H3K27ac,A549 G4+ enhancer,88,885.0,0.0032209570053964853
H3K27ac,A549 G4+ enhancer,89,895.0,0.0037353159859776497
H3K27ac,A549 G4+ enhancer,90,905.0,0.004075965844094753
H3K27ac,A549 G4+ enhancer,91,915.0,0.00467243418097496
H3K27ac,A549 G4+ enhancer,92,925.0,0.0042896997183561325
H3K27ac,A549 G4+ enhancer,93,935.0,0.003430483629927039
H3K27ac,A549 G4+ enhancer,94,945.0,0.00409471383318305
H3K27ac,A549 G4+ enhancer,95,955.0,0.004998475778847933
H3K27ac,A549 G4+ enhancer,96,965.0,0.0048371050506830215
H3K27ac,A549 G4+ enhancer,97,975.0,0.007259706035256386
H3K27ac,A549 G4+ enhancer,98,985.0,0.012484817765653133
H3K27ac,A549 G4+ enhancer,99,995.0,0.03353734314441681
H3K27ac,HEK293T G4+ promoter,0,5.0,0.02580765075981617
H3K27ac,HEK293T G4+ promoter,1,15.0,0.010892710648477077
H3K27ac,HEK293T G4+ promoter,2,25.0,0.007426211144775152
H3K27ac,HEK293T G4+ promoter,3,35.0,0.007083226460963488
H3K27ac,HEK293T G4+ promoter,4,45.0,0.008859716355800629
H3K27ac,HEK293T G4+ promoter,5,55.0,0.01239921897649765
H3K27ac,HEK293T G4+ promoter,6,65.0,0.013131528161466122
H3K27ac,HEK293T G4+ promoter,7,75.0,0.014614629559218884
H3K27ac,HEK293T G4+ promoter,8,85.0,0.010054734535515308
H3K27ac,HEK293T G4+ promoter,9,95.0,0.005474939476698637
H3K27ac,HEK293T G4+ promoter,10,105.0,0.0041863927617669106
H3K27ac,HEK293T G4+ promoter,11,115.0,0.004114171490073204
H3K27ac,HEK293T G4+ promoter,12,125.0,0.003984079230576754
H3K27ac,HEK293T G4+ promoter,13,135.0,0.0034369819331914186
H3K27ac,HEK293T G4+ promoter,14,145.0,0.00317700719460845
H3K27ac,HEK293T G4+ promoter,15,155.0,0.004028995521366596
H3K27ac,HEK293T G4+ promoter,16,165.0,0.004436006769537926
H3K27ac,HEK293T G4+ promoter,17,175.0,0.004813561215996742
H3K27ac,HEK293T G4+ promoter,18,185.0,0.004324153531342745
H3K27ac,HEK293T G4+ promoter,19,195.0,0.003517481964081526
H3K27ac,HEK293T G4+ promoter,20,205.0,0.003282282967120409
H3K27ac,HEK293T G4+ promoter,21,215.0,0.003761150874197483
H3K27ac,HEK293T G4+ promoter,22,225.0,0.005194702185690403
H3K27ac,HEK293T G4+ promoter,23,235.0,0.0076478892005980015
H3K27ac,HEK293T G4+ promoter,24,245.0,0.008875679224729538
H3K27ac,HEK293T G4+ promoter,25,255.0,0.005876846145838499
H3K27ac,HEK293T G4+ promoter,26,265.0,0.0037725213915109634
H3K27ac,HEK293T G4+ promoter,27,275.0,0.003363225143402815
H3K27ac,HEK293T G4+ promoter,28,285.0,0.00445106765255332
H3K27ac,HEK293T G4+ promoter,29,295.0,0.007597127463668585
H3K27ac,HEK293T G4+ promoter,30,305.0,0.013234778307378292
H3K27ac,HEK293T G4+ promoter,31,315.0,0.009658127091825008
H3K27ac,HEK293T G4+ promoter,32,325.0,0.008151927962899208
H3K27ac,HEK293T G4+ promoter,33,335.0,0.006801289971917868
H3K27ac,HEK293T G4+ promoter,34,345.0,0.00550290709361434
H3K27ac,HEK293T G4+ promoter,35,355.0,0.006271016784012318
H3K27ac,HEK293T G4+ promoter,36,365.0,0.008083101361989975
H3K27ac,HEK293T G4+ promoter,37,375.0,0.008160822093486786
H3K27ac,HEK293T G4+ promoter,38,385.0,0.006821336690336466
H3K27ac,HEK293T G4+ promoter,39,395.0,0.007361656054854393
H3K27ac,HEK293T G4+ promoter,40,405.0,0.008595850318670273
H3K27ac,HEK293T G4+ promoter,41,415.0,0.009386691264808178
H3K27ac,HEK293T G4+ promoter,42,425.0,0.009622621349990368
H3K27ac,HEK293T G4+ promoter,43,435.0,0.010778656229376793
H3K27ac,HEK293T G4+ promoter,44,445.0,0.018627382814884186
H3K27ac,HEK293T G4+ promoter,45,455.0,0.044758886098861694
H3K27ac,HEK293T G4+ promoter,46,465.0,0.0909414291381836
H3K27ac,HEK293T G4+ promoter,47,475.0,0.09927276521921158
H3K27ac,HEK293T G4+ promoter,48,485.0,0.0665278360247612
H3K27ac,HEK293T G4+ promoter,49,495.0,0.043823566287755966
H3K27ac,HEK293T G4+ promoter,50,505.0,0.02389485575258732
H3K27ac,HEK293T G4+ promoter,51,515.0,0.011526206508278847
H3K27ac,HEK293T G4+ promoter,52,525.0,0.006218834314495325
H3K27ac,HEK293T G4+ promoter,53,535.0,0.005101444665342569
H3K27ac,HEK293T G4+ promoter,54,545.0,0.005633242893964052
H3K27ac,HEK293T G4+ promoter,55,555.0,0.007641770411282778
H3K27ac,HEK293T G4+ promoter,56,565.0,0.008130432106554508
H3K27ac,HEK293T G4+ promoter,57,575.0,0.005747949704527855
H3K27ac,HEK293T G4+ promoter,58,585.0,0.004388326313346624
H3K27ac,HEK293T G4+ promoter,59,595.0,0.0034049113746732473
H3K27ac,HEK293T G4+ promoter,60,605.0,0.0036910620983690023
H3K27ac,HEK293T G4+ promoter,61,615.0,0.00590686546638608
H3K27ac,HEK293T G4+ promoter,62,625.0,0.006120482459664345
H3K27ac,HEK293T G4+ promoter,63,635.0,0.0038442579098045826
H3K27ac,HEK293T G4+ promoter,64,645.0,0.003357567824423313
H3K27ac,HEK293T G4+ promoter,65,655.0,0.0037601166404783726
H3K27ac,HEK293T G4+ promoter,66,665.0,0.004175400361418724
H3K27ac,HEK293T G4+ promoter,67,675.0,0.0042983535677194595
H3K27ac,HEK293T G4+ promoter,68,685.0,0.004281173460185528
H3K27ac,HEK293T G4+ promoter,69,695.0,0.0036125800106674433
H3K27ac,HEK293T G4+ promoter,70,705.0,0.003262762911617756
H3K27ac,HEK293T G4+ promoter,71,715.0,0.0037887725047767162
H3K27ac,HEK293T G4+ promoter,72,725.0,0.004992144647985697
H3K27ac,HEK293T G4+ promoter,73,735.0,0.006550757214426994
H3K27ac,HEK293T G4+ promoter,74,745.0,0.007538186386227608
H3K27ac,HEK293T G4+ promoter,75,755.0,0.005068566184490919
H3K27ac,HEK293T G4+ promoter,76,765.0,0.004082375206053257
H3K27ac,HEK293T G4+ promoter,77,775.0,0.0039033270440995693
H3K27ac,HEK293T G4+ promoter,78,785.0,0.0049687097780406475
H3K27ac,HEK293T G4+ promoter,79,795.0,0.00571797788143158
H3K27ac,HEK293T G4+ promoter,80,805.0,0.006731707602739334
H3K27ac,HEK293T G4+ promoter,81,815.0,0.008675671182572842
H3K27ac,HEK293T G4+ promoter,82,825.0,0.011433682404458523
H3K27ac,HEK293T G4+ promoter,83,835.0,0.010805965401232243
H3K27ac,HEK293T G4+ promoter,84,845.0,0.006432839669287205
H3K27ac,HEK293T G4+ promoter,85,855.0,0.0037616973277181387
H3K27ac,HEK293T G4+ promoter,86,865.0,0.0034966724924743176
H3K27ac,HEK293T G4+ promoter,87,875.0,0.004367716610431671
H3K27ac,HEK293T G4+ promoter,88,885.0,0.00336440559476614
H3K27ac,HEK293T G4+ promoter,89,895.0,0.0034800914581865072
H3K27ac,HEK293T G4+ promoter,90,905.0,0.004602005239576101
H3K27ac,HEK293T G4+ promoter,91,915.0,0.005029647145420313
H3K27ac,HEK293T G4+ promoter,92,925.0,0.004549028351902962
H3K27ac,HEK293T G4+ promoter,93,935.0,0.004144052974879742
H3K27ac,HEK293T G4+ promoter,94,945.0,0.003179058665409684
H3K27ac,HEK293T G4+ promoter,95,955.0,0.003242725506424904
H3K27ac,HEK293T G4+ promoter,96,965.0,0.003888149745762348
H3K27ac,HEK293T G4+ promoter,97,975.0,0.005929774139076471
H3K27ac,HEK293T G4+ promoter,98,985.0,0.01041614729911089
H3K27ac,HEK293T G4+ promoter,99,995.0,0.025891048833727837
H3K27ac,HEK293T G4+ enhancer,0,5.0,0.015726108103990555
H3K27ac,HEK293T G4+ enhancer,1,15.0,0.008033707737922668
H3K27ac,HEK293T G4+ enhancer,2,25.0,0.006165478378534317
H3K27ac,HEK293T G4+ enhancer,3,35.0,0.0056707654148340225
H3K27ac,HEK293T G4+ enhancer,4,45.0,0.006685774307698011
H3K27ac,HEK293T G4+ enhancer,5,55.0,0.009164019487798214
H3K27ac,HEK293T G4+ enhancer,6,65.0,0.010128783993422985
H3K27ac,HEK293T G4+ enhancer,7,75.0,0.014429649338126183
H3K27ac,HEK293T G4+ enhancer,8,85.0,0.012731521390378475
H3K27ac,HEK293T G4+ enhancer,9,95.0,0.007817922160029411
H3K27ac,HEK293T G4+ enhancer,10,105.0,0.005557066295295954
H3K27ac,HEK293T G4+ enhancer,11,115.0,0.005077676381915808
H3K27ac,HEK293T G4+ enhancer,12,125.0,0.004366700071841478
H3K27ac,HEK293T G4+ enhancer,13,135.0,0.003641398623585701
H3K27ac,HEK293T G4+ enhancer,14,145.0,0.004028386436402798
H3K27ac,HEK293T G4+ enhancer,15,155.0,0.003915118519216776
H3K27ac,HEK293T G4+ enhancer,16,165.0,0.004098793957382441
H3K27ac,HEK293T G4+ enhancer,17,175.0,0.005277763120830059
H3K27ac,HEK293T G4+ enhancer,18,185.0,0.005599974188953638
H3K27ac,HEK293T G4+ enhancer,19,195.0,0.004706294275820255
H3K27ac,HEK293T G4+ enhancer,20,205.0,0.005551981274038553
H3K27ac,HEK293T G4+ enhancer,21,215.0,0.005572857800871134
H3K27ac,HEK293T G4+ enhancer,22,225.0,0.005961126182228327
H3K27ac,HEK293T G4+ enhancer,23,235.0,0.007134175393730402
H3K27ac,HEK293T G4+ enhancer,24,245.0,0.008335485123097897
H3K27ac,HEK293T G4+ enhancer,25,255.0,0.005208703223615885
H3K27ac,HEK293T G4+ enhancer,26,265.0,0.0034114143345505
H3K27ac,HEK293T G4+ enhancer,27,275.0,0.003602237207815051
H3K27ac,HEK293T G4+ enhancer,28,285.0,0.005478384904563427
H3K27ac,HEK293T G4+ enhancer,29,295.0,0.010035650804638863
H3K27ac,HEK293T G4+ enhancer,30,305.0,0.017934218049049377
H3K27ac,HEK293T G4+ enhancer,31,315.0,0.017370855435729027
H3K27ac,HEK293T G4+ enhancer,32,325.0,0.020820628851652145
H3K27ac,HEK293T G4+ enhancer,33,335.0,0.019802449271082878
H3K27ac,HEK293T G4+ enhancer,34,345.0,0.012476719915866852
H3K27ac,HEK293T G4+ enhancer,35,355.0,0.009585406631231308
H3K27ac,HEK293T G4+ enhancer,36,365.0,0.010621233843266964
H3K27ac,HEK293T G4+ enhancer,37,375.0,0.008600151166319847
H3K27ac,HEK293T G4+ enhancer,38,385.0,0.006220427341759205
H3K27ac,HEK293T G4+ enhancer,39,395.0,0.006234824191778898
H3K27ac,HEK293T G4+ enhancer,40,405.0,0.00713817635551095
H3K27ac,HEK293T G4+ enhancer,41,415.0,0.008014515973627567
H3K27ac,HEK293T G4+ enhancer,42,425.0,0.00796217005699873
H3K27ac,HEK293T G4+ enhancer,43,435.0,0.008447335101664066
H3K27ac,HEK293T G4+ enhancer,44,445.0,0.012108465656638145
H3K27ac,HEK293T G4+ enhancer,45,455.0,0.031694404780864716
H3K27ac,HEK293T G4+ enhancer,46,465.0,0.08458387106657028
H3K27ac,HEK293T G4+ enhancer,47,475.0,0.09066513180732727
H3K27ac,HEK293T G4+ enhancer,48,485.0,0.04507770016789436
H3K27ac,HEK293T G4+ enhancer,49,495.0,0.027357878163456917
H3K27ac,HEK293T G4+ enhancer,50,505.0,0.0157688669860363
H3K27ac,HEK293T G4+ enhancer,51,515.0,0.009254667907953262
H3K27ac,HEK293T G4+ enhancer,52,525.0,0.006791629828512669
H3K27ac,HEK293T G4+ enhancer,53,535.0,0.006041271146386862
H3K27ac,HEK293T G4+ enhancer,54,545.0,0.005881171673536301
H3K27ac,HEK293T G4+ enhancer,55,555.0,0.0063480897806584835
H3K27ac,HEK293T G4+ enhancer,56,565.0,0.005760704167187214
H3K27ac,HEK293T G4+ enhancer,57,575.0,0.004595034755766392
H3K27ac,HEK293T G4+ enhancer,58,585.0,0.004032342229038477
H3K27ac,HEK293T G4+ enhancer,59,595.0,0.0031972515862435102
H3K27ac,HEK293T G4+ enhancer,60,605.0,0.00342692993581295
H3K27ac,HEK293T G4+ enhancer,61,615.0,0.005508747883141041
H3K27ac,HEK293T G4+ enhancer,62,625.0,0.005772180389612913
H3K27ac,HEK293T G4+ enhancer,63,635.0,0.003825116204097867
H3K27ac,HEK293T G4+ enhancer,64,645.0,0.0038494651671499014
H3K27ac,HEK293T G4+ enhancer,65,655.0,0.005342517979443073
H3K27ac,HEK293T G4+ enhancer,66,665.0,0.005960047245025635
H3K27ac,HEK293T G4+ enhancer,67,675.0,0.005858357530087233
H3K27ac,HEK293T G4+ enhancer,68,685.0,0.005158595275133848
H3K27ac,HEK293T G4+ enhancer,69,695.0,0.004699662793427706
H3K27ac,HEK293T G4+ enhancer,70,705.0,0.004989503417164087
H3K27ac,HEK293T G4+ enhancer,71,715.0,0.005799451842904091
H3K27ac,HEK293T G4+ enhancer,72,725.0,0.006239020265638828
H3K27ac,HEK293T G4+ enhancer,73,735.0,0.007346481550484896
H3K27ac,HEK293T G4+ enhancer,74,745.0,0.008232541382312775
H3K27ac,HEK293T G4+ enhancer,75,755.0,0.006923765409737825
H3K27ac,HEK293T G4+ enhancer,76,765.0,0.0064795492216944695
H3K27ac,HEK293T G4+ enhancer,77,775.0,0.008030920289456844
H3K27ac,HEK293T G4+ enhancer,78,785.0,0.010129525326192379
H3K27ac,HEK293T G4+ enhancer,79,795.0,0.009877652861177921
H3K27ac,HEK293T G4+ enhancer,80,805.0,0.00742990430444479
H3K27ac,HEK293T G4+ enhancer,81,815.0,0.007347716484218836
H3K27ac,HEK293T G4+ enhancer,82,825.0,0.008883558213710785
H3K27ac,HEK293T G4+ enhancer,83,835.0,0.008616137318313122
H3K27ac,HEK293T G4+ enhancer,84,845.0,0.006064617540687323
H3K27ac,HEK293T G4+ enhancer,85,855.0,0.003914824686944485
H3K27ac,HEK293T G4+ enhancer,86,865.0,0.0037446178030222654
H3K27ac,HEK293T G4+ enhancer,87,875.0,0.0045155310072004795
H3K27ac,HEK293T G4+ enhancer,88,885.0,0.00553876580670476
H3K27ac,HEK293T G4+ enhancer,89,895.0,0.00819303561002016
H3K27ac,HEK293T G4+ enhancer,90,905.0,0.00985395535826683
H3K27ac,HEK293T G4+ enhancer,91,915.0,0.007556133437901735
H3K27ac,HEK293T G4+ enhancer,92,925.0,0.005974390543997288
H3K27ac,HEK293T G4+ enhancer,93,935.0,0.0061205606907606125
H3K27ac,HEK293T G4+ enhancer,94,945.0,0.005628723651170731
H3K27ac,HEK293T G4+ enhancer,95,955.0,0.00590496463701129
H3K27ac,HEK293T G4+ enhancer,96,965.0,0.006972386967390776
H3K27ac,HEK293T G4+ enhancer,97,975.0,0.007664922624826431
H3K27ac,HEK293T G4+ enhancer,98,985.0,0.010628964751958847
H3K27ac,HEK293T G4+ enhancer,99,995.0,0.022493738681077957
H3K27ac,A549 G4-,0,5.0,0.006792319938540459
H3K27ac,A549 G4-,1,15.0,0.0050918953493237495
H3K27ac,A549 G4-,2,25.0,0.005133706144988537
H3K27ac,A549 G4-,3,35.0,0.0042207371443510056
H3K27ac,A549 G4-,4,45.0,0.0045094601809978485
H3K27ac,A549 G4-,5,55.0,0.005824075546115637
H3K27ac,A549 G4-,6,65.0,0.009731166064739227
H3K27ac,A549 G4-,7,75.0,0.016946306452155113
H3K27ac,A549 G4-,8,85.0,0.016512321308255196
H3K27ac,A549 G4-,9,95.0,0.010543769225478172
H3K27ac,A549 G4-,10,105.0,0.00489776162430644
H3K27ac,A549 G4-,11,115.0,0.0029148978646844625
H3K27ac,A549 G4-,12,125.0,0.0025764205493032932
H3K27ac,A549 G4-,13,135.0,0.0034541806671768427
H3K27ac,A549 G4-,14,145.0,0.004766805097460747
H3K27ac,A549 G4-,15,155.0,0.003943814896047115
H3K27ac,A549 G4-,16,165.0,0.0023308766540139914
H3K27ac,A549 G4-,17,175.0,0.0018396872328594327
H3K27ac,A549 G4-,18,185.0,0.001965884817764163
H3K27ac,A549 G4-,19,195.0,0.0027824905700981617
H3K27ac,A549 G4-,20,205.0,0.004929450340569019
H3K27ac,A549 G4-,21,215.0,0.005085447337478399
H3K27ac,A549 G4-,22,225.0,0.00334374513477087
H3K27ac,A549 G4-,23,235.0,0.002755632158368826
H3K27ac,A549 G4-,24,245.0,0.0022769663482904434
H3K27ac,A549 G4-,25,255.0,0.0017152730142697692
H3K27ac,A549 G4-,26,265.0,0.001784313004463911
H3K27ac,A549 G4-,27,275.0,0.002442185068503022
H3K27ac,A549 G4-,28,285.0,0.0036228178068995476
H3K27ac,A549 G4-,29,295.0,0.007238146848976612
H3K27ac,A549 G4-,30,305.0,0.016077876091003418
H3K27ac,A549 G4-,31,315.0,0.03218809515237808
H3K27ac,A549 G4-,32,325.0,0.06636940687894821
H3K27ac,A549 G4-,33,335.0,0.07200954109430313
H3K27ac,A549 G4-,34,345.0,0.02872013859450817
H3K27ac,A549 G4-,35,355.0,0.0073123048059642315
H3K27ac,A549 G4-,36,365.0,0.003733987919986248
H3K27ac,A549 G4-,37,375.0,0.002602498745545745
H3K27ac,A549 G4-,38,385.0,0.0022780955769121647
H3K27ac,A549 G4-,39,395.0,0.0032144603319466114
H3K27ac,A549 G4-,40,405.0,0.004741398151963949
H3K27ac,A549 G4-,41,415.0,0.004941370338201523
H3K27ac,A549 G4-,42,425.0,0.003735572099685669
H3K27ac,A549 G4-,43,435.0,0.0031169592402875423
H3K27ac,A549 G4-,44,445.0,0.004638876300305128
H3K27ac,A549 G4-,45,455.0,0.013144372962415218
H3K27ac,A549 G4-,46,465.0,0.036733392626047134
H3K27ac,A549 G4-,47,475.0,0.04709050804376602
H3K27ac,A549 G4-,48,485.0,0.03567838668823242
H3K27ac,A549 G4-,49,495.0,0.022489896044135094
H3K27ac,A549 G4-,50,505.0,0.012226931750774384
H3K27ac,A549 G4-,51,515.0,0.007872365415096283
H3K27ac,A549 G4-,52,525.0,0.006983198691159487
H3K27ac,A549 G4-,53,535.0,0.005716247949749231
H3K27ac,A549 G4-,54,545.0,0.004328145179897547
H3K27ac,A549 G4-,55,555.0,0.0034925690852105618
H3K27ac,A549 G4-,56,565.0,0.003191579831764102
H3K27ac,A549 G4-,57,575.0,0.003356527304276824
H3K27ac,A549 G4-,58,585.0,0.0033488913904875517
H3K27ac,A549 G4-,59,595.0,0.0025100153870880604
H3K27ac,A549 G4-,60,605.0,0.001662908005528152
H3K27ac,A549 G4-,61,615.0,0.0015944705810397863
H3K27ac,A549 G4-,62,625.0,0.001775156008079648
H3K27ac,A549 G4-,63,635.0,0.0022362982854247093
H3K27ac,A549 G4-,64,645.0,0.004262182861566544
H3K27ac,A549 G4-,65,655.0,0.007384879514575005
H3K27ac,A549 G4-,66,665.0,0.006748936139047146
H3K27ac,A549 G4-,67,675.0,0.004307772498577833
H3K27ac,A549 G4-,68,685.0,0.003625923302024603
H3K27ac,A549 G4-,69,695.0,0.005154424346983433
H3K27ac,A549 G4-,70,705.0,0.009689482860267162
H3K27ac,A549 G4-,71,715.0,0.010804119519889355
H3K27ac,A549 G4-,72,725.0,0.006659173872321844
H3K27ac,A549 G4-,73,735.0,0.005237526725977659
H3K27ac,A549 G4-,74,745.0,0.00479657668620348
H3K27ac,A549 G4-,75,755.0,0.005137292202562094
H3K27ac,A549 G4-,76,765.0,0.010825878009200096
H3K27ac,A549 G4-,77,775.0,0.02459530346095562
H3K27ac,A549 G4-,78,785.0,0.019865380600094795
H3K27ac,A549 G4-,79,795.0,0.009680816903710365
H3K27ac,A549 G4-,80,805.0,0.006353525444865227
H3K27ac,A549 G4-,81,815.0,0.006605947390198708
H3K27ac,A549 G4-,82,825.0,0.00899935606867075
H3K27ac,A549 G4-,83,835.0,0.011144259944558144
H3K27ac,A549 G4-,84,845.0,0.008941145613789558
H3K27ac,A549 G4-,85,855.0,0.0043252985924482346
H3K27ac,A549 G4-,86,865.0,0.0026547915767878294
H3K27ac,A549 G4-,87,875.0,0.004288147669285536
H3K27ac,A549 G4-,88,885.0,0.0140920951962471
H3K27ac,A549 G4-,89,895.0,0.038348618894815445
H3K27ac,A549 G4-,90,905.0,0.04560286924242973
H3K27ac,A549 G4-,91,915.0,0.02497623674571514
H3K27ac,A549 G4-,92,925.0,0.010406380519270897
H3K27ac,A549 G4-,93,935.0,0.005642114672809839
H3K27ac,A549 G4-,94,945.0,0.004494856111705303
H3K27ac,A549 G4-,95,955.0,0.005157759878784418
H3K27ac,A549 G4-,96,965.0,0.006342942826449871
H3K27ac,A549 G4-,97,975.0,0.006482137367129326
H3K27ac,A549 G4-,98,985.0,0.008228018879890442
H3K27ac,A549 G4-,99,995.0,0.015052820555865765
ATAC,A549 G4+ all,0,5.0,0.018896758556365967
ATAC,A549 G4+ all,1,15.0,0.010261292569339275
ATAC,A549 G4+ all,2,25.0,0.006605176720768213
ATAC,A549 G4+ all,3,35.0,0.004511913750320673
ATAC,A549 G4+ all,4,45.0,0.004298271145671606
ATAC,A549 G4+ all,5,55.0,0.0046137794852256775
ATAC,A549 G4+ all,6,65.0,0.005344863515347242
ATAC,A549 G4+ all,7,75.0,0.006588945165276527
ATAC,A549 G4+ all,8,85.0,0.008615498431026936
ATAC,A549 G4+ all,9,95.0,0.010916885919868946
ATAC,A549 G4+ all,10,105.0,0.011920535936951637
ATAC,A549 G4+ all,11,115.0,0.01125701516866684
ATAC,A549 G4+ all,12,125.0,0.010944370180368423
ATAC,A549 G4+ all,13,135.0,0.011482967995107174
ATAC,A549 G4+ all,14,145.0,0.00934254564344883
ATAC,A549 G4+ all,15,155.0,0.006994979921728373
ATAC,A549 G4+ all,16,165.0,0.006338691338896751
ATAC,A549 G4+ all,17,175.0,0.005823337938636541
ATAC,A549 G4+ all,18,185.0,0.005158918909728527
ATAC,A549 G4+ all,19,195.0,0.00568249961361289
ATAC,A549 G4+ all,20,205.0,0.008361549116671085
ATAC,A549 G4+ all,21,215.0,0.009761074557900429
ATAC,A549 G4+ all,22,225.0,0.009788903407752514
ATAC,A549 G4+ all,23,235.0,0.011584081687033176
ATAC,A549 G4+ all,24,245.0,0.01413143239915371
ATAC,A549 G4+ all,25,255.0,0.017667796462774277
ATAC,A549 G4+ all,26,265.0,0.0192408487200737
ATAC,A549 G4+ all,27,275.0,0.015831656754016876
ATAC,A549 G4+ all,28,285.0,0.011124997399747372
ATAC,A549 G4+ all,29,295.0,0.00925461482256651
ATAC,A549 G4+ all,30,305.0,0.008947796188294888
ATAC,A549 G4+ all,31,315.0,0.008686251007020473
ATAC,A549 G4+ all,32,325.0,0.007488972507417202
ATAC,A549 G4+ all,33,335.0,0.004821556620299816
ATAC,A549 G4+ all,34,345.0,0.003376901848241687
ATAC,A549 G4+ all,35,355.0,0.0032444363459944725
ATAC,A549 G4+ all,36,365.0,0.003157556988298893
ATAC,A549 G4+ all,37,375.0,0.0031459114979952574
ATAC,A549 G4+ all,38,385.0,0.0036759087815880775
ATAC,A549 G4+ all,39,395.0,0.004522745497524738
ATAC,A549 G4+ all,40,405.0,0.004350193310528994
ATAC,A549 G4+ all,41,415.0,0.003984528593719006
ATAC,A549 G4+ all,42,425.0,0.003732036566361785
ATAC,A549 G4+ all,43,435.0,0.004542128648608923
ATAC,A549 G4+ all,44,445.0,0.010510938242077827
ATAC,A549 G4+ all,45,455.0,0.020527098327875137
ATAC,A549 G4+ all,46,465.0,0.01416533812880516
ATAC,A549 G4+ all,47,475.0,0.006037839222699404
ATAC,A549 G4+ all,48,485.0,0.004584403708577156
ATAC,A549 G4+ all,49,495.0,0.004208492115139961
ATAC,A549 G4+ all,50,505.0,0.004302286542952061
ATAC,A549 G4+ all,51,515.0,0.005386484321206808
ATAC,A549 G4+ all,52,525.0,0.007235582917928696
ATAC,A549 G4+ all,53,535.0,0.00860764179378748
ATAC,A549 G4+ all,54,545.0,0.009016714058816433
ATAC,A549 G4+ all,55,555.0,0.007875206880271435
ATAC,A549 G4+ all,56,565.0,0.006972992327064276
ATAC,A549 G4+ all,57,575.0,0.006833002436906099
ATAC,A549 G4+ all,58,585.0,0.005470216274261475
ATAC,A549 G4+ all,59,595.0,0.0032777711749076843
ATAC,A549 G4+ all,60,605.0,0.002148040570318699
ATAC,A549 G4+ all,61,615.0,0.00205657328478992
ATAC,A549 G4+ all,62,625.0,0.0029223349411040545
ATAC,A549 G4+ all,63,635.0,0.005067984573543072
ATAC,A549 G4+ all,64,645.0,0.006445642560720444
ATAC,A549 G4+ all,65,655.0,0.0045025344006717205
ATAC,A549 G4+ all,66,665.0,0.0033094719983637333
ATAC,A549 G4+ all,67,675.0,0.0033077308908104897
ATAC,A549 G4+ all,68,685.0,0.003955062013119459
ATAC,A549 G4+ all,69,695.0,0.005889264866709709
ATAC,A549 G4+ all,70,705.0,0.010674799792468548
ATAC,A549 G4+ all,71,715.0,0.01836886629462242
ATAC,A549 G4+ all,72,725.0,0.023157363757491112
ATAC,A549 G4+ all,73,735.0,0.018400438129901886
ATAC,A549 G4+ all,74,745.0,0.012302322313189507
ATAC,A549 G4+ all,75,755.0,0.009811673313379288
ATAC,A549 G4+ all,76,765.0,0.009281310252845287
ATAC,A549 G4+ all,77,775.0,0.00898856669664383
ATAC,A549 G4+ all,78,785.0,0.008800731971859932
ATAC,A549 G4+ all,79,795.0,0.01136184111237526
ATAC,A549 G4+ all,80,805.0,0.013844323344528675
ATAC,A549 G4+ all,81,815.0,0.012339266948401928
ATAC,A549 G4+ all,82,825.0,0.009943640790879726
ATAC,A549 G4+ all,83,835.0,0.010736259631812572
ATAC,A549 G4+ all,84,845.0,0.014097866602241993
ATAC,A549 G4+ all,85,855.0,0.017392879351973534
ATAC,A549 G4+ all,86,865.0,0.020344488322734833
ATAC,A549 G4+ all,87,875.0,0.023296384140849113
ATAC,A549 G4+ all,88,885.0,0.024423064664006233
ATAC,A549 G4+ all,89,895.0,0.021386707201600075
ATAC,A549 G4+ all,90,905.0,0.015206282027065754
ATAC,A549 G4+ all,91,915.0,0.01238931529223919
ATAC,A549 G4+ all,92,925.0,0.01108736265450716
ATAC,A549 G4+ all,93,935.0,0.010819601826369762
ATAC,A549 G4+ all,94,945.0,0.011332848109304905
ATAC,A549 G4+ all,95,955.0,0.012434244155883789
ATAC,A549 G4+ all,96,965.0,0.014776808209717274
ATAC,A549 G4+ all,97,975.0,0.018778270110487938
ATAC,A549 G4+ all,98,985.0,0.025397317484021187
ATAC,A549 G4+ all,99,995.0,0.04418536648154259
ATAC,A549 G4+ promoter,0,5.0,0.019149117171764374
ATAC,A549 G4+ promoter,1,15.0,0.010693471878767014
ATAC,A549 G4+ promoter,2,25.0,0.006967084016650915
ATAC,A549 G4+ promoter,3,35.0,0.0047200811095535755
ATAC,A549 G4+ promoter,4,45.0,0.004464029800146818
ATAC,A549 G4+ promoter,5,55.0,0.004723160993307829
ATAC,A549 G4+ promoter,6,65.0,0.0053782532922923565
ATAC,A549 G4+ promoter,7,75.0,0.006616485770791769
ATAC,A549 G4+ promoter,8,85.0,0.008688915520906448
ATAC,A549 G4+ promoter,9,95.0,0.011053130961954594
ATAC,A549 G4+ promoter,10,105.0,0.012264452874660492
ATAC,A549 G4+ promoter,11,115.0,0.011654054746031761
ATAC,A549 G4+ promoter,12,125.0,0.011468397453427315
ATAC,A549 G4+ promoter,13,135.0,0.012093874625861645
ATAC,A549 G4+ promoter,14,145.0,0.009685926139354706
ATAC,A549 G4+ promoter,15,155.0,0.006931450217962265
ATAC,A549 G4+ promoter,16,165.0,0.006001889705657959
ATAC,A549 G4+ promoter,17,175.0,0.005388722289353609
ATAC,A549 G4+ promoter,18,185.0,0.00480083841830492
ATAC,A549 G4+ promoter,19,195.0,0.005520741455256939
ATAC,A549 G4+ promoter,20,205.0,0.008547945879399776
ATAC,A549 G4+ promoter,21,215.0,0.009894287213683128
ATAC,A549 G4+ promoter,22,225.0,0.009640379808843136
ATAC,A549 G4+ promoter,23,235.0,0.011370510794222355
ATAC,A549 G4+ promoter,24,245.0,0.01423981785774231
ATAC,A549 G4+ promoter,25,255.0,0.018051881343126297
ATAC,A549 G4+ promoter,26,265.0,0.01995202712714672
ATAC,A549 G4+ promoter,27,275.0,0.016486216336488724
ATAC,A549 G4+ promoter,28,285.0,0.011489721946418285
ATAC,A549 G4+ promoter,29,295.0,0.009490656666457653
ATAC,A549 G4+ promoter,30,305.0,0.009125304408371449
ATAC,A549 G4+ promoter,31,315.0,0.008702943101525307
ATAC,A549 G4+ promoter,32,325.0,0.007380087859928608
ATAC,A549 G4+ promoter,33,335.0,0.004592660814523697
ATAC,A549 G4+ promoter,34,345.0,0.0030843710992485285
ATAC,A549 G4+ promoter,35,355.0,0.0029787898529320955
ATAC,A549 G4+ promoter,36,365.0,0.0029644062742590904
ATAC,A549 G4+ promoter,37,375.0,0.0029490708839148283
ATAC,A549 G4+ promoter,38,385.0,0.0034364876337349415
ATAC,A549 G4+ promoter,39,395.0,0.004275792744010687
ATAC,A549 G4+ promoter,40,405.0,0.004182451404631138
ATAC,A549 G4+ promoter,41,415.0,0.0037936412263661623
ATAC,A549 G4+ promoter,42,425.0,0.003592034801840782
ATAC,A549 G4+ promoter,43,435.0,0.004414127673953772
ATAC,A549 G4+ promoter,44,445.0,0.010523228906095028
ATAC,A549 G4+ promoter,45,455.0,0.02033383399248123
ATAC,A549 G4+ promoter,46,465.0,0.014002404175698757
ATAC,A549 G4+ promoter,47,475.0,0.005997787229716778
ATAC,A549 G4+ promoter,48,485.0,0.004415712784975767
ATAC,A549 G4+ promoter,49,495.0,0.004047965630888939
ATAC,A549 G4+ promoter,50,505.0,0.004222723189741373
ATAC,A549 G4+ promoter,51,515.0,0.00540525559335947
ATAC,A549 G4+ promoter,52,525.0,0.007312581408768892
ATAC,A549 G4+ promoter,53,535.0,0.008632484823465347
ATAC,A549 G4+ promoter,54,545.0,0.009047430008649826
ATAC,A549 G4+ promoter,55,555.0,0.007884765043854713
ATAC,A549 G4+ promoter,56,565.0,0.00690073799341917
ATAC,A549 G4+ promoter,57,575.0,0.00677024619653821
ATAC,A549 G4+ promoter,58,585.0,0.005377577152103186
ATAC,A549 G4+ promoter,59,595.0,0.0032178559340536594
ATAC,A549 G4+ promoter,60,605.0,0.002063329331576824
ATAC,A549 G4+ promoter,61,615.0,0.0019325348548591137
ATAC,A549 G4+ promoter,62,625.0,0.0027782160323113203
ATAC,A549 G4+ promoter,63,635.0,0.004758504219353199
ATAC,A549 G4+ promoter,64,645.0,0.0061650401912629604
ATAC,A549 G4+ promoter,65,655.0,0.004285348113626242
ATAC,A549 G4+ promoter,66,665.0,0.0030534130055457354
ATAC,A549 G4+ promoter,67,675.0,0.003133887890726328
ATAC,A549 G4+ promoter,68,685.0,0.003877796232700348
ATAC,A549 G4+ promoter,69,695.0,0.005913915112614632
ATAC,A549 G4+ promoter,70,705.0,0.010860058479011059
ATAC,A549 G4+ promoter,71,715.0,0.018844986334443092
ATAC,A549 G4+ promoter,72,725.0,0.02375127002596855
ATAC,A549 G4+ promoter,73,735.0,0.018501468002796173
ATAC,A549 G4+ promoter,74,745.0,0.01199531089514494
ATAC,A549 G4+ promoter,75,755.0,0.009413096122443676
ATAC,A549 G4+ promoter,76,765.0,0.009036261588335037
ATAC,A549 G4+ promoter,77,775.0,0.008994442410767078
ATAC,A549 G4+ promoter,78,785.0,0.008674155920743942
ATAC,A549 G4+ promoter,79,795.0,0.011034859344363213
ATAC,A549 G4+ promoter,80,805.0,0.013534772209823132
ATAC,A549 G4+ promoter,81,815.0,0.012082355096936226
ATAC,A549 G4+ promoter,82,825.0,0.009710532613098621
ATAC,A549 G4+ promoter,83,835.0,0.010709178633987904
ATAC,A549 G4+ promoter,84,845.0,0.014313267543911934
ATAC,A549 G4+ promoter,85,855.0,0.01757856458425522
ATAC,A549 G4+ promoter,86,865.0,0.020512079820036888
ATAC,A549 G4+ promoter,87,875.0,0.023445062339305878
ATAC,A549 G4+ promoter,88,885.0,0.024664564058184624
ATAC,A549 G4+ promoter,89,895.0,0.021580804139375687
ATAC,A549 G4+ promoter,90,905.0,0.015140094794332981
ATAC,A549 G4+ promoter,91,915.0,0.012213962152600288
ATAC,A549 G4+ promoter,92,925.0,0.010970787145197392
ATAC,A549 G4+ promoter,93,935.0,0.010823637247085571
ATAC,A549 G4+ promoter,94,945.0,0.011309636756777763
ATAC,A549 G4+ promoter,95,955.0,0.012432902120053768
ATAC,A549 G4+ promoter,96,965.0,0.014867261983454227
ATAC,A549 G4+ promoter,97,975.0,0.01883312501013279
ATAC,A549 G4+ promoter,98,985.0,0.025301653891801834
ATAC,A549 G4+ promoter,99,995.0,0.043915558606386185
ATAC,A549 G4+ enhancer,0,5.0,0.017841344699263573
ATAC,A549 G4+ enhancer,1,15.0,0.008144903928041458
ATAC,A549 G4+ enhancer,2,25.0,0.004940986633300781
ATAC,A549 G4+ enhancer,3,35.0,0.0036330565344542265
ATAC,A549 G4+ enhancer,4,45.0,0.0035641840659081936
ATAC,A549 G4+ enhancer,5,55.0,0.004229699727147818
ATAC,A549 G4+ enhancer,6,65.0,0.005359383299946785
ATAC,A549 G4+ enhancer,7,75.0,0.006579039618372917
ATAC,A549 G4+ enhancer,8,85.0,0.008198145776987076
ATAC,A549 G4+ enhancer,9,95.0,0.010178848169744015
ATAC,A549 G4+ enhancer,10,105.0,0.010228613391518593
ATAC,A549 G4+ enhancer,11,115.0,0.009490949101746082
ATAC,A549 G4+ enhancer,12,125.0,0.008882608264684677
ATAC,A549 G4+ enhancer,13,135.0,0.009115667082369328
ATAC,A549 G4+ enhancer,14,145.0,0.007958606816828251
ATAC,A549 G4+ enhancer,15,155.0,0.007240474224090576
ATAC,A549 G4+ enhancer,16,165.0,0.007731206249445677
ATAC,A549 G4+ enhancer,17,175.0,0.00765741802752018
ATAC,A549 G4+ enhancer,18,185.0,0.006639546249061823
ATAC,A549 G4+ enhancer,19,195.0,0.00628201849758625
ATAC,A549 G4+ enhancer,20,205.0,0.007557829841971397
ATAC,A549 G4+ enhancer,21,215.0,0.00930209644138813
ATAC,A549 G4+ enhancer,22,225.0,0.010228308849036694
ATAC,A549 G4+ enhancer,23,235.0,0.012449532747268677
ATAC,A549 G4+ enhancer,24,245.0,0.01379836443811655
ATAC,A549 G4+ enhancer,25,255.0,0.016524599865078926
ATAC,A549 G4+ enhancer,26,265.0,0.016763970255851746
ATAC,A549 G4+ enhancer,27,275.0,0.013524209149181843
ATAC,A549 G4+ enhancer,28,285.0,0.010049724951386452
ATAC,A549 G4+ enhancer,29,295.0,0.008683226071298122
ATAC,A549 G4+ enhancer,30,305.0,0.008704310283064842
ATAC,A549 G4+ enhancer,31,315.0,0.009092512540519238
ATAC,A549 G4+ enhancer,32,325.0,0.008189073763787746
ATAC,A549 G4+ enhancer,33,335.0,0.005843814462423325
ATAC,A549 G4+ enhancer,34,345.0,0.004656301345676184
ATAC,A549 G4+ enhancer,35,355.0,0.00442922580987215
ATAC,A549 G4+ enhancer,36,365.0,0.004078758880496025
ATAC,A549 G4+ enhancer,37,375.0,0.004084664396941662
ATAC,A549 G4+ enhancer,38,385.0,0.004737567156553268
ATAC,A549 G4+ enhancer,39,395.0,0.005592970177531242
ATAC,A549 G4+ enhancer,40,405.0,0.0051536704413592815
ATAC,A549 G4+ enhancer,41,415.0,0.004817048087716103
ATAC,A549 G4+ enhancer,42,425.0,0.004190461710095406
ATAC,A549 G4+ enhancer,43,435.0,0.004789825528860092
ATAC,A549 G4+ enhancer,44,445.0,0.009374033659696579
ATAC,A549 G4+ enhancer,45,455.0,0.01893545687198639
ATAC,A549 G4+ enhancer,46,465.0,0.013696837238967419
ATAC,A549 G4+ enhancer,47,475.0,0.006219895090907812
ATAC,A549 G4+ enhancer,48,485.0,0.005442359950393438
ATAC,A549 G4+ enhancer,49,495.0,0.004982460290193558
ATAC,A549 G4+ enhancer,50,505.0,0.004726858343929052
ATAC,A549 G4+ enhancer,51,515.0,0.005463017616420984
ATAC,A549 G4+ enhancer,52,525.0,0.007170066237449646
ATAC,A549 G4+ enhancer,53,535.0,0.008940323255956173
ATAC,A549 G4+ enhancer,54,545.0,0.009379154071211815
ATAC,A549 G4+ enhancer,55,555.0,0.008218222297728062
ATAC,A549 G4+ enhancer,56,565.0,0.007636053021997213
ATAC,A549 G4+ enhancer,57,575.0,0.007470381911844015
ATAC,A549 G4+ enhancer,58,585.0,0.0061506181955337524
ATAC,A549 G4+ enhancer,59,595.0,0.0037258598022162914
ATAC,A549 G4+ enhancer,60,605.0,0.0026522683911025524
ATAC,A549 G4+ enhancer,61,615.0,0.0027576780412346125
ATAC,A549 G4+ enhancer,62,625.0,0.0036363780964165926
ATAC,A549 G4+ enhancer,63,635.0,0.006538884714245796
ATAC,A549 G4+ enhancer,64,645.0,0.007972992956638336
ATAC,A549 G4+ enhancer,65,655.0,0.00570242665708065
ATAC,A549 G4+ enhancer,66,665.0,0.004576953127980232
ATAC,A549 G4+ enhancer,67,675.0,0.004270677454769611
ATAC,A549 G4+ enhancer,68,685.0,0.004417579621076584
ATAC,A549 G4+ enhancer,69,695.0,0.006042133551090956
ATAC,A549 G4+ enhancer,70,705.0,0.010335065424442291
ATAC,A549 G4+ enhancer,71,715.0,0.017016271129250526
ATAC,A549 G4+ enhancer,72,725.0,0.021177735179662704
ATAC,A549 G4+ enhancer,73,735.0,0.018404409289360046
ATAC,A549 G4+ enhancer,74,745.0,0.013859342783689499
ATAC,A549 G4+ enhancer,75,755.0,0.01159294880926609
ATAC,A549 G4+ enhancer,76,765.0,0.010270369239151478
ATAC,A549 G4+ enhancer,77,775.0,0.008765080943703651
ATAC,A549 G4+ enhancer,78,785.0,0.009079604409635067
ATAC,A549 G4+ enhancer,79,795.0,0.012465212494134903
ATAC,A549 G4+ enhancer,80,805.0,0.014685997739434242
ATAC,A549 G4+ enhancer,81,815.0,0.012907283380627632
ATAC,A549 G4+ enhancer,82,825.0,0.010737251490354538
ATAC,A549 G4+ enhancer,83,835.0,0.010852878913283348
ATAC,A549 G4+ enhancer,84,845.0,0.013121587224304676
ATAC,A549 G4+ enhancer,85,855.0,0.016480285674333572
ATAC,A549 G4+ enhancer,86,865.0,0.019443467259407043
ATAC,A549 G4+ enhancer,87,875.0,0.022361142560839653
ATAC,A549 G4+ enhancer,88,885.0,0.023010285571217537
ATAC,A549 G4+ enhancer,89,895.0,0.02015675976872444
ATAC,A549 G4+ enhancer,90,905.0,0.014923700131475925
ATAC,A549 G4+ enhancer,91,915.0,0.012808102183043957
ATAC,A549 G4+ enhancer,92,925.0,0.011486394330859184
ATAC,A549 G4+ enhancer,93,935.0,0.010678986087441444
ATAC,A549 G4+ enhancer,94,945.0,0.011266064830124378
ATAC,A549 G4+ enhancer,95,955.0,0.012227734550833702
ATAC,A549 G4+ enhancer,96,965.0,0.014042661525309086
ATAC,A549 G4+ enhancer,97,975.0,0.01811075396835804
ATAC,A549 G4+ enhancer,98,985.0,0.025295540690422058
ATAC,A549 G4+ enhancer,99,995.0,0.04519875347614288
ATAC,HEK293T G4+ promoter,0,5.0,0.01476383302360773
ATAC,HEK293T G4+ promoter,1,15.0,0.009401557967066765
ATAC,HEK293T G4+ promoter,2,25.0,0.006613234989345074
ATAC,HEK293T G4+ promoter,3,35.0,0.004528065212070942
ATAC,HEK293T G4+ promoter,4,45.0,0.0036247808020561934
ATAC,HEK293T G4+ promoter,5,55.0,0.003660842776298523
ATAC,HEK293T G4+ promoter,6,65.0,0.00469033420085907
ATAC,HEK293T G4+ promoter,7,75.0,0.006135122384876013
ATAC,HEK293T G4+ promoter,8,85.0,0.008225723169744015
ATAC,HEK293T G4+ promoter,9,95.0,0.010195039212703705
ATAC,HEK293T G4+ promoter,10,105.0,0.010495568625628948
ATAC,HEK293T G4+ promoter,11,115.0,0.009035098366439342
ATAC,HEK293T G4+ promoter,12,125.0,0.008208227343857288
ATAC,HEK293T G4+ promoter,13,135.0,0.008386672474443913
ATAC,HEK293T G4+ promoter,14,145.0,0.007406117860227823
ATAC,HEK293T G4+ promoter,15,155.0,0.006261769682168961
ATAC,HEK293T G4+ promoter,16,165.0,0.005797389894723892
ATAC,HEK293T G4+ promoter,17,175.0,0.005400645546615124
ATAC,HEK293T G4+ promoter,18,185.0,0.004716962110251188
ATAC,HEK293T G4+ promoter,19,195.0,0.0050845639780163765
ATAC,HEK293T G4+ promoter,20,205.0,0.006437205243855715
ATAC,HEK293T G4+ promoter,21,215.0,0.007401990704238415
ATAC,HEK293T G4+ promoter,22,225.0,0.008182313293218613
ATAC,HEK293T G4+ promoter,23,235.0,0.009820816107094288
ATAC,HEK293T G4+ promoter,24,245.0,0.011607314459979534
ATAC,HEK293T G4+ promoter,25,255.0,0.013724619522690773
ATAC,HEK293T G4+ promoter,26,265.0,0.014462019316852093
ATAC,HEK293T G4+ promoter,27,275.0,0.011540801264345646
ATAC,HEK293T G4+ promoter,28,285.0,0.00767595274373889
ATAC,HEK293T G4+ promoter,29,295.0,0.005619034171104431
ATAC,HEK293T G4+ promoter,30,305.0,0.005171277094632387
ATAC,HEK293T G4+ promoter,31,315.0,0.0056615835055708885
ATAC,HEK293T G4+ promoter,32,325.0,0.0055776662193238735
ATAC,HEK293T G4+ promoter,33,335.0,0.0038622948341071606
ATAC,HEK293T G4+ promoter,34,345.0,0.0026510946918278933
ATAC,HEK293T G4+ promoter,35,355.0,0.0024658937472850084
ATAC,HEK293T G4+ promoter,36,365.0,0.0027302862145006657
ATAC,HEK293T G4+ promoter,37,375.0,0.003481561318039894
ATAC,HEK293T G4+ promoter,38,385.0,0.004856138955801725
ATAC,HEK293T G4+ promoter,39,395.0,0.005594804883003235
ATAC,HEK293T G4+ promoter,40,405.0,0.005154349375516176
ATAC,HEK293T G4+ promoter,41,415.0,0.0042367964051663876
ATAC,HEK293T G4+ promoter,42,425.0,0.003792123170569539
ATAC,HEK293T G4+ promoter,43,435.0,0.004857746884226799
ATAC,HEK293T G4+ promoter,44,445.0,0.012595066800713539
ATAC,HEK293T G4+ promoter,45,455.0,0.030174266546964645
ATAC,HEK293T G4+ promoter,46,465.0,0.026158522814512253
ATAC,HEK293T G4+ promoter,47,475.0,0.009863064624369144
ATAC,HEK293T G4+ promoter,48,485.0,0.0055715162307024
ATAC,HEK293T G4+ promoter,49,495.0,0.004187262151390314
ATAC,HEK293T G4+ promoter,50,505.0,0.0040014623664319515
ATAC,HEK293T G4+ promoter,51,515.0,0.004660008940845728
ATAC,HEK293T G4+ promoter,52,525.0,0.005641330033540726
ATAC,HEK293T G4+ promoter,53,535.0,0.006444583646953106
ATAC,HEK293T G4+ promoter,54,545.0,0.007149122189730406
ATAC,HEK293T G4+ promoter,55,555.0,0.00633074389770627
ATAC,HEK293T G4+ promoter,56,565.0,0.005122102331370115
ATAC,HEK293T G4+ promoter,57,575.0,0.0048955632373690605
ATAC,HEK293T G4+ promoter,58,585.0,0.003758795326575637
ATAC,HEK293T G4+ promoter,59,595.0,0.0023463619872927666
ATAC,HEK293T G4+ promoter,60,605.0,0.001691100187599659
ATAC,HEK293T G4+ promoter,61,615.0,0.002054610289633274
ATAC,HEK293T G4+ promoter,62,625.0,0.00367851834744215
ATAC,HEK293T G4+ promoter,63,635.0,0.006369340233504772
ATAC,HEK293T G4+ promoter,64,645.0,0.0062412964180111885
ATAC,HEK293T G4+ promoter,65,655.0,0.0045896535739302635
ATAC,HEK293T G4+ promoter,66,665.0,0.0038779661990702152
ATAC,HEK293T G4+ promoter,67,675.0,0.0037177843041718006
ATAC,HEK293T G4+ promoter,68,685.0,0.0036396330688148737
ATAC,HEK293T G4+ promoter,69,695.0,0.0050443424843251705
ATAC,HEK293T G4+ promoter,70,705.0,0.009347671642899513
ATAC,HEK293T G4+ promoter,71,715.0,0.017377635464072227
ATAC,HEK293T G4+ promoter,72,725.0,0.023083949461579323
ATAC,HEK293T G4+ promoter,73,735.0,0.01842080056667328
ATAC,HEK293T G4+ promoter,74,745.0,0.011833938769996166
ATAC,HEK293T G4+ promoter,75,755.0,0.00875027570873499
ATAC,HEK293T G4+ promoter,76,765.0,0.007449391297996044
ATAC,HEK293T G4+ promoter,77,775.0,0.007405421230942011
ATAC,HEK293T G4+ promoter,78,785.0,0.008705577813088894
ATAC,HEK293T G4+ promoter,79,795.0,0.013136748224496841
ATAC,HEK293T G4+ promoter,80,805.0,0.016961725428700447
ATAC,HEK293T G4+ promoter,81,815.0,0.014799305237829685
ATAC,HEK293T G4+ promoter,82,825.0,0.0113858412951231
ATAC,HEK293T G4+ promoter,83,835.0,0.012227789498865604
ATAC,HEK293T G4+ promoter,84,845.0,0.01665809564292431
ATAC,HEK293T G4+ promoter,85,855.0,0.021451769396662712
ATAC,HEK293T G4+ promoter,86,865.0,0.026123886927962303
ATAC,HEK293T G4+ promoter,87,875.0,0.02922307513654232
ATAC,HEK293T G4+ promoter,88,885.0,0.027333218604326248
ATAC,HEK293T G4+ promoter,89,895.0,0.02209107205271721
ATAC,HEK293T G4+ promoter,90,905.0,0.016908489167690277
ATAC,HEK293T G4+ promoter,91,915.0,0.01413713674992323
ATAC,HEK293T G4+ promoter,92,925.0,0.012743485160171986
ATAC,HEK293T G4+ promoter,93,935.0,0.012671969830989838
ATAC,HEK293T G4+ promoter,94,945.0,0.013543184846639633
ATAC,HEK293T G4+ promoter,95,955.0,0.01481893751770258
ATAC,HEK293T G4+ promoter,96,965.0,0.017314637079834938
ATAC,HEK293T G4+ promoter,97,975.0,0.022459588944911957
ATAC,HEK293T G4+ promoter,98,985.0,0.030035458505153656
ATAC,HEK293T G4+ promoter,99,995.0,0.04259867966175079
ATAC,HEK293T G4+ enhancer,0,5.0,0.011585111729800701
ATAC,HEK293T G4+ enhancer,1,15.0,0.005314980633556843
ATAC,HEK293T G4+ enhancer,2,25.0,0.0030081577133387327
ATAC,HEK293T G4+ enhancer,3,35.0,0.00240674102678895
ATAC,HEK293T G4+ enhancer,4,45.0,0.0027234377339482307
ATAC,HEK293T G4+ enhancer,5,55.0,0.003570922650396824
ATAC,HEK293T G4+ enhancer,6,65.0,0.004633413162082434
ATAC,HEK293T G4+ enhancer,7,75.0,0.005138078238815069
ATAC,HEK293T G4+ enhancer,8,85.0,0.006440861150622368
ATAC,HEK293T G4+ enhancer,9,95.0,0.007767579983919859
ATAC,HEK293T G4+ enhancer,10,105.0,0.007804289925843477
ATAC,HEK293T G4+ enhancer,11,115.0,0.006670953705906868
ATAC,HEK293T G4+ enhancer,12,125.0,0.0056547969579696655
ATAC,HEK293T G4+ enhancer,13,135.0,0.005614386405795813
ATAC,HEK293T G4+ enhancer,14,145.0,0.005994150415062904
ATAC,HEK293T G4+ enhancer,15,155.0,0.007139058783650398
ATAC,HEK293T G4+ enhancer,16,165.0,0.00877045001834631
ATAC,HEK293T G4+ enhancer,17,175.0,0.009331418201327324
ATAC,HEK293T G4+ enhancer,18,185.0,0.008300576359033585
ATAC,HEK293T G4+ enhancer,19,195.0,0.00698211370036006
ATAC,HEK293T G4+ enhancer,20,205.0,0.00633658841252327
ATAC,HEK293T G4+ enhancer,21,215.0,0.006964445114135742
ATAC,HEK293T G4+ enhancer,22,225.0,0.008827758021652699
ATAC,HEK293T G4+ enhancer,23,235.0,0.0109116705134511
ATAC,HEK293T G4+ enhancer,24,245.0,0.011727852746844292
ATAC,HEK293T G4+ enhancer,25,255.0,0.011904357932507992
ATAC,HEK293T G4+ enhancer,26,265.0,0.010343131609261036
ATAC,HEK293T G4+ enhancer,27,275.0,0.007538255304098129
ATAC,HEK293T G4+ enhancer,28,285.0,0.00581399817019701
ATAC,HEK293T G4+ enhancer,29,295.0,0.005714089144021273
ATAC,HEK293T G4+ enhancer,30,305.0,0.006667520385235548
ATAC,HEK293T G4+ enhancer,31,315.0,0.007592617999762297
ATAC,HEK293T G4+ enhancer,32,325.0,0.00708478270098567
ATAC,HEK293T G4+ enhancer,33,335.0,0.004878909792751074
ATAC,HEK293T G4+ enhancer,34,345.0,0.0038330245297402143
ATAC,HEK293T G4+ enhancer,35,355.0,0.004320024512708187
ATAC,HEK293T G4+ enhancer,36,365.0,0.005703139118850231
ATAC,HEK293T G4+ enhancer,37,375.0,0.007846410386264324
ATAC,HEK293T G4+ enhancer,38,385.0,0.00998952891677618
ATAC,HEK293T G4+ enhancer,39,395.0,0.009884659200906754
ATAC,HEK293T G4+ enhancer,40,405.0,0.007859370671212673
ATAC,HEK293T G4+ enhancer,41,415.0,0.006198478396981955
ATAC,HEK293T G4+ enhancer,42,425.0,0.004925761371850967
ATAC,HEK293T G4+ enhancer,43,435.0,0.0059217000380158424
ATAC,HEK293T G4+ enhancer,44,445.0,0.017823653295636177
ATAC,HEK293T G4+ enhancer,45,455.0,0.05798938125371933
ATAC,HEK293T G4+ enhancer,46,465.0,0.06183956190943718
ATAC,HEK293T G4+ enhancer,47,475.0,0.026098472997546196
ATAC,HEK293T G4+ enhancer,48,485.0,0.014767801389098167
ATAC,HEK293T G4+ enhancer,49,495.0,0.007916376926004887
ATAC,HEK293T G4+ enhancer,50,505.0,0.0052603185176849365
ATAC,HEK293T G4+ enhancer,51,515.0,0.004688233137130737
ATAC,HEK293T G4+ enhancer,52,525.0,0.005431578028947115
ATAC,HEK293T G4+ enhancer,53,535.0,0.00768651906400919
ATAC,HEK293T G4+ enhancer,54,545.0,0.010103020817041397
ATAC,HEK293T G4+ enhancer,55,555.0,0.008091756142675877
ATAC,HEK293T G4+ enhancer,56,565.0,0.0046900431625545025
ATAC,HEK293T G4+ enhancer,57,575.0,0.0034521636553108692
ATAC,HEK293T G4+ enhancer,58,585.0,0.002591595286503434
ATAC,HEK293T G4+ enhancer,59,595.0,0.0021046232432127
ATAC,HEK293T G4+ enhancer,60,605.0,0.0025729176122695208
ATAC,HEK293T G4+ enhancer,61,615.0,0.004676392767578363
ATAC,HEK293T G4+ enhancer,62,625.0,0.01191926933825016
ATAC,HEK293T G4+ enhancer,63,635.0,0.022865217179059982
ATAC,HEK293T G4+ enhancer,64,645.0,0.01791069097816944
ATAC,HEK293T G4+ enhancer,65,655.0,0.010059003718197346
ATAC,HEK293T G4+ enhancer,66,665.0,0.008971834555268288
ATAC,HEK293T G4+ enhancer,67,675.0,0.007948918268084526
ATAC,HEK293T G4+ enhancer,68,685.0,0.0054022157564759254
ATAC,HEK293T G4+ enhancer,69,695.0,0.004572484642267227
ATAC,HEK293T G4+ enhancer,70,705.0,0.005616181995719671
ATAC,HEK293T G4+ enhancer,71,715.0,0.008765020407736301
ATAC,HEK293T G4+ enhancer,72,725.0,0.012944384478032589
ATAC,HEK293T G4+ enhancer,73,735.0,0.013893497176468372
ATAC,HEK293T G4+ enhancer,74,745.0,0.012067258358001709
ATAC,HEK293T G4+ enhancer,75,755.0,0.00971039105206728
ATAC,HEK293T G4+ enhancer,76,765.0,0.007330447901040316
ATAC,HEK293T G4+ enhancer,77,775.0,0.006132133770734072
ATAC,HEK293T G4+ enhancer,78,785.0,0.007045075763016939
ATAC,HEK293T G4+ enhancer,79,795.0,0.01152722630649805
ATAC,HEK293T G4+ enhancer,80,805.0,0.014917958527803421
ATAC,HEK293T G4+ enhancer,81,815.0,0.012406635098159313
ATAC,HEK293T G4+ enhancer,82,825.0,0.009092509746551514
ATAC,HEK293T G4+ enhancer,83,835.0,0.00850170012563467
ATAC,HEK293T G4+ enhancer,84,845.0,0.010901635512709618
ATAC,HEK293T G4+ enhancer,85,855.0,0.015916984528303146
ATAC,HEK293T G4+ enhancer,86,865.0,0.021063413470983505
ATAC,HEK293T G4+ enhancer,87,875.0,0.02098670043051243
ATAC,HEK293T G4+ enhancer,88,885.0,0.01791391335427761
ATAC,HEK293T G4+ enhancer,89,895.0,0.014453798532485962
ATAC,HEK293T G4+ enhancer,90,905.0,0.010947780683636665
ATAC,HEK293T G4+ enhancer,91,915.0,0.009354433044791222
ATAC,HEK293T G4+ enhancer,92,925.0,0.00800661463290453
ATAC,HEK293T G4+ enhancer,93,935.0,0.007158151362091303
ATAC,HEK293T G4+ enhancer,94,945.0,0.007324169389903545
ATAC,HEK293T G4+ enhancer,95,955.0,0.007802568841725588
ATAC,HEK293T G4+ enhancer,96,965.0,0.009120039641857147
ATAC,HEK293T G4+ enhancer,97,975.0,0.012199119664728642
ATAC,HEK293T G4+ enhancer,98,985.0,0.018148034811019897
ATAC,HEK293T G4+ enhancer,99,995.0,0.027678614482283592
ATAC,A549 G4-,0,5.0,0.00471344543620944
ATAC,A549 G4-,1,15.0,0.001969957258552313
ATAC,A549 G4-,2,25.0,0.0013966977130621672
ATAC,A549 G4-,3,35.0,0.0014861555537208915
ATAC,A549 G4-,4,45.0,0.0019806926138699055
ATAC,A549 G4-,5,55.0,0.0027908654883503914
ATAC,A549 G4-,6,65.0,0.0038242656737565994
ATAC,A549 G4-,7,75.0,0.003027308965101838
ATAC,A549 G4-,8,85.0,0.0022746354807168245
ATAC,A549 G4-,9,95.0,0.002258105669170618
ATAC,A549 G4-,10,105.0,0.002258865162730217
ATAC,A549 G4-,11,115.0,0.0021120982710272074
ATAC,A549 G4-,12,125.0,0.0020409857388585806
ATAC,A549 G4-,13,135.0,0.0021920339204370975
ATAC,A549 G4-,14,145.0,0.0024100029841065407
ATAC,A549 G4-,15,155.0,0.0028688872698694468
ATAC,A549 G4-,16,165.0,0.0033946705516427755
ATAC,A549 G4-,17,175.0,0.0035910578444600105
ATAC,A549 G4-,18,185.0,0.0035513725597411394
ATAC,A549 G4-,19,195.0,0.003146019298583269
ATAC,A549 G4-,20,205.0,0.0025144689716398716
ATAC,A549 G4-,21,215.0,0.0023043197579681873
ATAC,A549 G4-,22,225.0,0.0028266278095543385
ATAC,A549 G4-,23,235.0,0.003565170569345355
ATAC,A549 G4-,24,245.0,0.003798314370214939
ATAC,A549 G4-,25,255.0,0.0037152147851884365
ATAC,A549 G4-,26,265.0,0.0031505958177149296
ATAC,A549 G4-,27,275.0,0.002426126739010215
ATAC,A549 G4-,28,285.0,0.0022783316671848297
ATAC,A549 G4-,29,295.0,0.0027870323974639177
ATAC,A549 G4-,30,305.0,0.003585484577342868
ATAC,A549 G4-,31,315.0,0.003932596649974585
ATAC,A549 G4-,32,325.0,0.003167698159813881
ATAC,A549 G4-,33,335.0,0.002396575640887022
ATAC,A549 G4-,34,345.0,0.002826652256771922
ATAC,A549 G4-,35,355.0,0.005722883157432079
ATAC,A549 G4-,36,365.0,0.013594401068985462
ATAC,A549 G4-,37,375.0,0.024886971339583397
ATAC,A549 G4-,38,385.0,0.02912493236362934
ATAC,A549 G4-,39,395.0,0.023509399965405464
ATAC,A549 G4-,40,405.0,0.016356149688363075
ATAC,A549 G4-,41,415.0,0.011517641134560108
ATAC,A549 G4-,42,425.0,0.007552715018391609
ATAC,A549 G4-,43,435.0,0.00510135293006897
ATAC,A549 G4-,44,445.0,0.009692475199699402
ATAC,A549 G4-,45,455.0,0.04460753872990608
ATAC,A549 G4-,46,465.0,0.09492237865924835
ATAC,A549 G4-,47,475.0,0.10052217543125153
ATAC,A549 G4-,48,485.0,0.07536550611257553
ATAC,A549 G4-,49,495.0,0.027494890615344048
ATAC,A549 G4-,50,505.0,0.010735374875366688
ATAC,A549 G4-,51,515.0,0.007755032740533352
ATAC,A549 G4-,52,525.0,0.008181925863027573
ATAC,A549 G4-,53,535.0,0.010735583491623402
ATAC,A549 G4-,54,545.0,0.012932267971336842
ATAC,A549 G4-,55,555.0,0.009102359414100647
ATAC,A549 G4-,56,565.0,0.004105374217033386
ATAC,A549 G4-,57,575.0,0.0022145179100334644
ATAC,A549 G4-,58,585.0,0.0016231611371040344
ATAC,A549 G4-,59,595.0,0.0016288801562041044
ATAC,A549 G4-,60,605.0,0.002813800936564803
ATAC,A549 G4-,61,615.0,0.008447522297501564
ATAC,A549 G4-,62,625.0,0.03334454447031021
ATAC,A549 G4-,63,635.0,0.07175221294164658
ATAC,A549 G4-,64,645.0,0.048142313957214355
ATAC,A549 G4-,65,655.0,0.01659516803920269
ATAC,A549 G4-,66,665.0,0.009422697126865387
ATAC,A549 G4-,67,675.0,0.007715293206274509
ATAC,A549 G4-,68,685.0,0.0052655949257314205
ATAC,A549 G4-,69,695.0,0.003807312808930874
ATAC,A549 G4-,70,705.0,0.0036617887672036886
ATAC,A549 G4-,71,715.0,0.004617662634700537
ATAC,A549 G4-,72,725.0,0.006756031885743141
ATAC,A549 G4-,73,735.0,0.007702565286308527
ATAC,A549 G4-,74,745.0,0.006320314947515726
ATAC,A549 G4-,75,755.0,0.0043448470532894135
ATAC,A549 G4-,76,765.0,0.00271803280338645
ATAC,A549 G4-,77,775.0,0.0020278834272176027
ATAC,A549 G4-,78,785.0,0.0025257098022848368
ATAC,A549 G4-,79,795.0,0.0043435185216367245
ATAC,A549 G4-,80,805.0,0.005538109689950943
ATAC,A549 G4-,81,815.0,0.0044747102074325085
ATAC,A549 G4-,82,825.0,0.003303064964711666
ATAC,A549 G4-,83,835.0,0.003059036796912551
ATAC,A549 G4-,84,845.0,0.00393585255369544
ATAC,A549 G4-,85,855.0,0.006413063034415245
ATAC,A549 G4-,86,865.0,0.008932781405746937
ATAC,A549 G4-,87,875.0,0.007715723942965269
ATAC,A549 G4-,88,885.0,0.005472898483276367
ATAC,A549 G4-,89,895.0,0.004349331371486187
ATAC,A549 G4-,90,905.0,0.003745393129065633
ATAC,A549 G4-,91,915.0,0.00378075847402215
ATAC,A549 G4-,92,925.0,0.0032878972124308348
ATAC,A549 G4-,93,935.0,0.0023898608051240444
ATAC,A549 G4-,94,945.0,0.00215649651363492
ATAC,A549 G4-,95,955.0,0.002386185573413968
ATAC,A549 G4-,96,965.0,0.0026731700636446476
ATAC,A549 G4-,97,975.0,0.003295502858236432
ATAC,A549 G4-,98,985.0,0.004704783670604229
ATAC,A549 G4-,99,995.0,0.008511388674378395
