class,region,imp
pos,inside,0.039033517
pos,inside,0.033776704
pos,inside,0.065950006
pos,inside,0.045255594
pos,inside,0.019602465
pos,inside,0.050503824
pos,inside,0.035233237
pos,inside,0.014585281
pos,inside,0.010535039
pos,inside,0.021011924
pos,inside,0.014228731
pos,inside,0.019408207
pos,inside,0.010276762
pos,inside,0.0071126833
pos,inside,0.06657608
pos,inside,0.019370874
pos,inside,0.02001585
pos,inside,0.0391231
pos,inside,0.0062518064
pos,inside,0.023514045
pos,inside,0.06192398
pos,inside,0.09597451
pos,inside,0.05921588
pos,inside,0.04222947
pos,inside,0.12954886
pos,inside,0.03468927
pos,inside,0.011660181
pos,inside,0.017174698
pos,inside,0.055944245
pos,inside,0.013806057
pos,inside,0.026407838
pos,inside,0.012678595
pos,inside,0.007799891
pos,inside,0.00971088
pos,inside,0.038873557
pos,inside,0.067705624
pos,inside,0.026024064
pos,inside,0.01143019
pos,inside,0.034317836
pos,inside,0.032827247
pos,inside,0.10486244
pos,inside,0.01843038
pos,inside,0.01613339
pos,inside,0.042808052
pos,inside,0.015224271
pos,inside,0.014485728
pos,inside,0.020070218
pos,inside,0.048936885
pos,inside,0.41447768
pos,inside,0.03697774
pos,inside,0.022810325
pos,inside,0.023293845
pos,inside,0.02291132
pos,inside,0.04557733
pos,inside,0.02494054
pos,inside,0.041644182
pos,inside,0.015379245
pos,inside,0.011090001
pos,inside,0.022230858
pos,inside,0.016141407
pos,inside,0.012541364
pos,inside,0.026582755
pos,inside,0.023715211
pos,inside,0.01952167
pos,inside,0.041489825
pos,inside,0.063850604
pos,inside,0.019070508
pos,inside,0.0557361
pos,inside,0.0058617448
pos,inside,0.024046926
pos,inside,0.012823335
pos,inside,0.016218664
pos,inside,0.10243938
pos,inside,0.040589098
pos,inside,0.037396453
pos,inside,0.2225526
pos,inside,0.021667853
pos,inside,0.05192511
pos,inside,0.027508782
pos,inside,0.019403532
pos,inside,0.0064690905
pos,inside,0.050741028
pos,inside,0.070971526
pos,inside,0.033302154
pos,inside,0.032252666
pos,inside,0.019906167
pos,inside,0.030464502
pos,inside,0.055370923
pos,inside,0.01798416
pos,inside,0.010145539
pos,inside,0.048216827
pos,inside,0.04028112
pos,inside,0.008857454
pos,inside,0.020444263
pos,inside,0.07642032
pos,inside,0.054005057
pos,inside,0.036550295
pos,inside,0.008507881
pos,inside,0.060368784
pos,inside,0.0593047
pos,inside,0.038709447
pos,inside,0.076114446
pos,inside,0.11878397
pos,inside,0.021216432
pos,inside,0.03750758
pos,inside,0.015188345
pos,inside,0.0079939505
pos,inside,0.18996906
pos,inside,0.062586986
pos,inside,0.02779077
pos,inside,0.025240373
pos,inside,0.032176893
pos,inside,0.040927857
pos,inside,0.01432122
pos,inside,0.019729456
pos,inside,0.009585895
pos,inside,0.01809376
pos,inside,0.06638224
pos,inside,0.13560301
pos,inside,0.016055407
pos,inside,0.026873572
pos,inside,0.03663892
pos,inside,0.011285549
pos,inside,0.08129916
pos,inside,0.027128354
pos,inside,0.011517843
pos,inside,0.019110948
pos,inside,0.017889732
pos,inside,0.059044804
pos,inside,0.018002722
pos,inside,0.02216986
pos,inside,0.01821321
pos,inside,0.16363573
pos,inside,0.023257816
pos,inside,0.013268758
pos,inside,0.018605642
pos,inside,0.04874711
pos,inside,0.01043026
pos,inside,0.028084679
pos,inside,0.011683012
pos,inside,0.036631476
pos,inside,0.038525533
pos,inside,0.04833355
pos,inside,0.036283616
pos,inside,0.039570596
pos,inside,0.020232087
pos,inside,0.10858414
pos,inside,0.066253126
pos,inside,0.014494433
pos,inside,0.027919358
pos,inside,0.07798141
pos,inside,0.015634537
pos,inside,0.07962538
pos,inside,0.19206658
pos,inside,0.032447424
pos,inside,0.040513545
pos,inside,0.008324697
pos,inside,0.011749897
pos,inside,0.014201079
pos,inside,0.036520444
pos,inside,0.028005468
pos,inside,0.016283227
pos,inside,0.04633052
pos,inside,0.03229261
pos,inside,0.01720181
pos,inside,0.03036896
pos,inside,0.08667358
pos,inside,0.03782455
pos,inside,0.023488158
pos,inside,0.096089296
pos,inside,0.020192398
pos,inside,0.038593628
pos,inside,0.06450843
pos,inside,0.049686328
pos,inside,0.081570506
pos,inside,0.04976614
pos,inside,0.07847525
pos,inside,0.12690417
pos,inside,0.058578245
pos,inside,0.031626612
pos,inside,0.01583631
pos,inside,0.06633971
pos,inside,0.0067562857
pos,inside,0.09329775
pos,inside,0.04154235
pos,inside,0.01431861
pos,inside,0.013104485
pos,inside,0.052333504
pos,inside,0.0881751
pos,inside,0.042976018
pos,inside,0.022850076
pos,inside,0.10915292
pos,inside,0.06620417
pos,inside,0.012624614
pos,inside,0.017650152
pos,inside,0.057833076
pos,inside,0.008969612
pos,inside,0.04488713
pos,inside,0.018483574
pos,inside,0.010334633
pos,inside,0.02335929
pos,inside,0.010375957
pos,inside,0.024424946
pos,inside,0.038876954
pos,inside,0.052253515
pos,inside,0.04202352
pos,inside,0.032511633
pos,inside,0.21670039
pos,inside,0.013562354
pos,inside,0.094756156
pos,inside,0.018698186
pos,inside,0.023174703
pos,inside,0.056596648
pos,inside,0.04406791
pos,inside,0.052969623
pos,inside,0.03014175
pos,inside,0.0601022
pos,inside,0.026211053
pos,inside,0.019477041
pos,inside,0.01283808
pos,inside,0.019827684
pos,inside,0.035130136
pos,inside,0.07623292
pos,inside,0.019560073
pos,inside,0.040690813
pos,inside,0.04299069
pos,inside,0.022950957
pos,inside,0.023041405
pos,inside,0.022256654
pos,inside,0.06770236
pos,inside,0.045622118
pos,inside,0.018730849
pos,inside,0.0058707953
pos,inside,0.022199556
pos,inside,0.014594833
pos,inside,0.019096792
pos,inside,0.052671645
pos,inside,0.018427104
pos,inside,0.012266928
pos,inside,0.063869566
pos,inside,0.0077578984
pos,inside,0.057328206
pos,inside,0.13279197
pos,inside,0.045221504
pos,inside,0.0500633
pos,inside,0.05517995
pos,inside,0.023386879
pos,inside,0.04960225
pos,inside,0.011313972
pos,inside,0.027187588
pos,inside,0.0032763004
pos,inside,0.030578207
pos,inside,0.024383992
pos,inside,0.04655774
pos,inside,0.027328683
pos,inside,0.021142958
pos,inside,0.008147987
pos,inside,0.00902322
pos,inside,0.046170756
pos,inside,0.02755253
pos,inside,0.023974901
pos,inside,0.03865032
pos,inside,0.050597772
pos,inside,0.013587785
pos,inside,0.06406018
pos,inside,0.06406211
pos,inside,0.023244666
pos,inside,0.020410571
pos,inside,0.017028993
pos,inside,0.028299842
pos,inside,0.009724146
pos,inside,0.05789171
pos,inside,0.059479665
pos,inside,0.08914199
pos,inside,0.015718408
pos,inside,0.007807117
pos,inside,0.01074827
pos,inside,0.045863464
pos,inside,0.0095738135
pos,inside,0.04327871
pos,inside,0.03813061
pos,inside,0.09569815
pos,inside,0.019790005
pos,inside,0.019482478
pos,inside,0.0071684206
pos,inside,0.020747242
pos,inside,0.026030138
pos,inside,0.013316051
pos,inside,0.009729321
pos,inside,0.07557505
pos,inside,0.013376477
pos,inside,0.010151479
pos,inside,0.18178318
pos,inside,0.008333518
pos,inside,0.014164039
pos,inside,0.028591549
pos,inside,0.034280177
pos,inside,0.075054705
pos,inside,0.0056300894
pos,inside,0.026323512
pos,inside,0.042534776
pos,inside,0.040497124
pos,inside,0.048214898
pos,inside,0.037193384
pos,inside,0.034479097
pos,inside,0.028069995
pos,inside,0.027309308
pos,inside,0.08617043
pos,inside,0.024457557
pos,inside,0.019916797
pos,inside,0.025688604
pos,inside,0.012663713
pos,inside,0.07386994
pos,inside,0.021731716
pos,inside,0.048157252
pos,inside,0.0312483
pos,inside,0.05951819
pos,inside,0.016914565
pos,inside,0.012996711
pos,inside,0.019120071
pos,inside,0.02900016
pos,inside,0.01283362
pos,inside,0.0045051575
pos,inside,0.014266966
pos,inside,0.023146499
pos,inside,0.027111158
pos,inside,0.016277757
pos,inside,0.01143105
pos,inside,0.021224923
pos,inside,0.01409772
pos,inside,0.0085267145
pos,inside,0.009221021
pos,inside,0.03911394
pos,inside,0.023066241
pos,inside,0.031979326
pos,inside,0.01330562
pos,inside,0.03792373
pos,inside,0.011612211
pos,inside,0.02569257
pos,inside,0.032345563
pos,inside,0.032620665
pos,inside,0.012797214
pos,inside,0.086892374
pos,inside,0.034840945
pos,inside,0.051826004
pos,inside,0.04263246
pos,inside,0.14185548
pos,inside,0.019795433
pos,inside,0.1398564
pos,inside,0.026901843
pos,inside,0.013127735
pos,inside,0.015445262
pos,inside,0.06806341
pos,inside,0.013777375
pos,inside,0.19015393
pos,inside,0.05702892
pos,inside,0.010324095
pos,inside,0.030028904
pos,inside,0.03602107
pos,inside,0.038857196
pos,inside,0.012667317
pos,inside,0.012806114
pos,inside,0.009530576
pos,inside,0.02989327
pos,inside,0.02359224
pos,inside,0.015788862
pos,inside,0.032796238
pos,inside,0.029151943
pos,inside,0.02589903
pos,inside,0.050692912
pos,inside,0.04396896
pos,inside,0.02255037
pos,inside,0.08567227
pos,inside,0.010495357
pos,inside,0.0662904
pos,inside,0.024771856
pos,inside,0.010964861
pos,inside,0.017104391
pos,inside,0.01632606
pos,inside,0.024246953
pos,inside,0.054230124
pos,inside,0.011973397
pos,inside,0.011949444
pos,inside,0.035132654
pos,inside,0.07189506
pos,inside,0.03516831
pos,inside,0.14607656
pos,inside,0.030981313
pos,inside,0.08972119
pos,inside,0.045489572
pos,inside,0.02749269
pos,inside,0.02025407
pos,inside,0.04526901
pos,inside,0.0070925145
pos,inside,0.044711806
pos,inside,0.011290474
pos,inside,0.038914185
pos,inside,0.0116492985
pos,inside,0.010303736
pos,inside,0.024755137
pos,inside,0.006976656
pos,inside,0.062113404
pos,inside,0.048840445
pos,inside,0.017931847
pos,inside,0.034891255
pos,inside,0.037263315
pos,inside,0.011173397
pos,inside,0.03127961
pos,inside,0.06164664
pos,inside,0.033536423
pos,inside,0.06859886
pos,inside,0.07827934
pos,inside,0.059865985
pos,inside,0.033636317
pos,inside,0.019737603
pos,inside,0.066183925
pos,inside,0.025096908
pos,inside,0.055708792
pos,inside,0.085497685
pos,inside,0.014916166
pos,inside,0.03100841
pos,inside,0.006058228
pos,inside,0.05092034
pos,inside,0.04284955
pos,inside,0.0857545
pos,inside,0.039514173
pos,inside,0.072278105
pos,inside,0.040967625
pos,inside,0.018567037
pos,inside,0.0152183715
pos,inside,0.033312876
pos,inside,0.06883645
pos,inside,0.030245269
pos,inside,0.06432294
pos,inside,0.031428054
pos,inside,0.036599208
pos,inside,0.01120468
pos,inside,0.0073171505
pos,inside,0.038846534
pos,inside,0.0078025055
pos,inside,0.033966918
pos,inside,0.016607365
pos,inside,0.07294727
pos,inside,0.109211564
pos,inside,0.08253565
pos,inside,0.067239724
pos,inside,0.06405166
pos,inside,0.096929856
pos,inside,0.08330453
pos,inside,0.005939477
pos,inside,0.013290627
pos,inside,0.034896374
pos,inside,0.019744277
pos,inside,0.03318413
pos,inside,0.010143274
pos,inside,0.07017726
pos,inside,0.01314152
pos,inside,0.05791532
pos,inside,0.006187764
pos,inside,0.016539657
pos,inside,0.008438044
pos,inside,0.023096725
pos,inside,0.046519335
pos,inside,0.022526786
pos,inside,0.036596056
pos,inside,0.0078030736
pos,inside,0.0912888
pos,inside,0.010181028
pos,inside,0.06872448
pos,inside,0.017452369
pos,inside,0.049006503
pos,inside,0.069577396
pos,inside,0.008510224
pos,inside,0.008818959
pos,inside,0.008910352
pos,inside,0.018988194
pos,inside,0.038223706
pos,inside,0.032847453
pos,inside,0.035688203
pos,inside,0.01765036
pos,inside,0.012549173
pos,inside,0.05417788
pos,inside,0.020624997
pos,inside,0.029488182
pos,inside,0.014560294
pos,inside,0.01868336
pos,inside,0.0721016
pos,inside,0.048169922
pos,inside,0.04250659
pos,inside,0.02038575
pos,inside,0.0492689
pos,inside,0.029095953
pos,inside,0.010768546
pos,inside,0.022081008
pos,inside,0.03135234
pos,inside,0.0051538325
pos,inside,0.025597217
pos,inside,0.048117023
pos,inside,0.016946234
pos,inside,0.022935739
pos,inside,0.013002274
pos,inside,0.020243326
pos,inside,0.031788018
pos,inside,0.043063268
pos,inside,0.0683139
pos,inside,0.035917573
pos,inside,0.124307394
pos,inside,0.019211864
pos,inside,0.035757337
pos,inside,0.02741223
pos,inside,0.03101957
pos,inside,0.045912534
pos,inside,0.03508291
pos,inside,0.014722099
pos,inside,0.08005712
pos,inside,0.035448994
pos,inside,0.02157517
pos,inside,0.02059271
pos,inside,0.047807623
pos,inside,0.010568221
pos,inside,0.03643265
pos,inside,0.025775427
pos,inside,0.028954182
pos,inside,0.02800028
pos,inside,0.042553104
pos,inside,0.01707158
pos,inside,0.051928364
pos,inside,0.016843751
pos,inside,0.017487291
pos,inside,0.0342025
pos,inside,0.030796332
pos,inside,0.029231803
pos,inside,0.05517958
pos,inside,0.0137492055
pos,inside,0.010746021
pos,inside,0.04289598
pos,inside,0.018728768
pos,inside,0.028398415
pos,inside,0.049058743
pos,inside,0.020476561
pos,inside,0.011792745
pos,inside,0.036748555
pos,inside,0.06513998
pos,inside,0.009143365
pos,inside,0.013835502
pos,inside,0.023343632
pos,inside,0.027356066
pos,inside,0.021510348
pos,inside,0.02950393
pos,inside,0.006349391
pos,inside,0.022885391
pos,inside,0.024183378
pos,inside,0.046454154
pos,inside,0.04391518
pos,inside,0.021790829
pos,inside,0.013181706
pos,inside,0.025886102
pos,inside,0.017763175
pos,inside,0.0072702756
pos,inside,0.016136464
pos,inside,0.029066704
pos,inside,0.011896111
pos,inside,0.06530567
pos,inside,0.0607805
pos,inside,0.013036137
pos,inside,0.032202657
pos,inside,0.0833121
pos,inside,0.022815606
pos,inside,0.07652138
pos,inside,0.042397033
pos,inside,0.017994253
pos,inside,0.024247898
pos,inside,0.022336194
pos,inside,0.057336997
pos,inside,0.014545709
pos,inside,0.037635148
pos,inside,0.024091441
pos,inside,0.119199604
pos,inside,0.0203438
pos,inside,0.008720622
pos,inside,0.06363514
pos,inside,0.056465782
pos,inside,0.030318739
pos,inside,0.014532724
pos,inside,0.03723335
pos,inside,0.055527326
pos,inside,0.11640839
pos,inside,0.02482031
pos,inside,0.022506539
pos,inside,0.020410065
pos,inside,0.103727944
pos,inside,0.03159155
pos,inside,0.07729175
pos,inside,0.06344787
pos,inside,0.024017228
pos,inside,0.008334948
pos,inside,0.01844573
pos,inside,0.07931687
pos,inside,0.013406767
pos,inside,0.045859776
pos,inside,0.048973985
pos,inside,0.074157394
pos,inside,0.00958556
pos,inside,0.0043941587
pos,inside,0.04691221
pos,inside,0.06531308
pos,inside,0.015540425
pos,inside,0.019080734
pos,inside,0.00936927
pos,inside,0.020294635
pos,inside,0.014501987
pos,inside,0.026152248
pos,inside,0.054610062
pos,inside,0.017666237
pos,inside,0.007908741
pos,inside,0.07677144
pos,inside,0.07703581
pos,inside,0.009022143
pos,inside,0.133815
pos,inside,0.017424626
pos,inside,0.018550735
pos,inside,0.03363883
pos,inside,0.020450072
pos,inside,0.008892701
pos,inside,0.01837167
pos,inside,0.033157177
pos,inside,0.008778387
pos,inside,0.027750334
pos,inside,0.03918398
pos,inside,0.023275778
pos,inside,0.08375526
pos,inside,0.022852257
pos,inside,0.018047519
pos,inside,0.089367814
pos,inside,0.020934809
pos,inside,0.035356887
pos,inside,0.019617278
pos,inside,0.033485245
pos,inside,0.011887859
pos,inside,0.026249057
pos,inside,0.014271916
pos,inside,0.039110493
pos,inside,0.10469201
pos,inside,0.03419153
pos,inside,0.0552473
pos,inside,0.09185903
pos,inside,0.041500352
pos,inside,0.02427733
pos,inside,0.01888376
pos,inside,0.12720783
pos,inside,0.0117877675
pos,inside,0.014441937
pos,inside,0.019870093
pos,inside,0.03925088
pos,inside,0.033880502
pos,inside,0.008431485
pos,inside,0.037175152
pos,inside,0.04782249
pos,inside,0.012338551
pos,inside,0.013827969
pos,inside,0.0094043715
pos,inside,0.009451003
pos,inside,0.06571779
pos,inside,0.040859267
pos,inside,0.042560305
pos,inside,0.035124443
pos,inside,0.009466062
pos,inside,0.07173303
pos,inside,0.031911667
pos,inside,0.034819823
pos,inside,0.011228306
pos,inside,0.015080893
pos,inside,0.023855953
pos,inside,0.04919914
pos,inside,0.029593566
pos,inside,0.07087008
pos,inside,0.08832666
pos,inside,0.1528526
pos,inside,0.019240325
pos,inside,0.19953324
pos,inside,0.019582111
pos,inside,0.04506814
pos,inside,0.009436127
pos,inside,0.017933376
pos,inside,0.02333745
pos,inside,0.020868775
pos,inside,0.01314906
pos,inside,0.01070376
pos,inside,0.020479323
pos,inside,0.028544517
pos,inside,0.029227894
pos,inside,0.048342086
pos,inside,0.03801399
pos,inside,0.021993326
pos,inside,0.014770991
pos,inside,0.013418842
pos,inside,0.023496194
pos,inside,0.00748646
pos,inside,0.010818389
pos,inside,0.1512507
pos,inside,0.026185432
pos,inside,0.05540278
pos,inside,0.02473768
pos,inside,0.016760675
pos,inside,0.01816961
pos,inside,0.046409786
pos,inside,0.01360025
pos,inside,0.024354193
pos,inside,0.1020749
pos,inside,0.024616005
pos,inside,0.014796776
pos,inside,0.045754172
pos,inside,0.030856034
pos,inside,0.015884753
pos,inside,0.021087084
pos,inside,0.02698034
pos,inside,0.039355595
pos,inside,0.008790024
pos,inside,0.046055585
pos,inside,0.008226493
pos,inside,0.124231264
pos,inside,0.009428927
pos,inside,0.055329237
pos,inside,0.035760082
pos,inside,0.16384582
pos,inside,0.0807607
pos,inside,0.05850529
pos,inside,0.026694266
pos,inside,0.030350106
pos,inside,0.036776163
pos,inside,0.06751053
pos,inside,0.059457444
pos,inside,0.06250764
pos,inside,0.0700318
pos,inside,0.016021127
pos,inside,0.034403127
pos,inside,0.009918176
pos,inside,0.09307589
pos,inside,0.084370136
pos,inside,0.023869133
pos,inside,0.07333421
pos,inside,0.022974465
pos,inside,0.033114515
pos,inside,0.0756509
pos,inside,0.054930624
pos,inside,0.013504188
pos,inside,0.038862232
pos,inside,0.08178526
pos,inside,0.011440739
pos,inside,0.082112275
pos,inside,0.05339297
pos,inside,0.011388455
pos,inside,0.042283405
pos,inside,0.045235835
pos,inside,0.044149976
pos,inside,0.089381255
pos,inside,0.08118641
pos,inside,0.037502382
pos,inside,0.019145506
pos,inside,0.07165157
pos,inside,0.008720337
pos,inside,0.019202191
pos,inside,0.031334884
pos,inside,0.068558015
pos,inside,0.020179378
pos,inside,0.021109797
pos,inside,0.013619647
pos,inside,0.017666642
pos,inside,0.03245724
pos,inside,0.04827276
pos,inside,0.0083883
pos,inside,0.014657029
pos,inside,0.022672465
pos,inside,0.015042144
pos,inside,0.013125851
pos,inside,0.040930633
pos,inside,0.010633988
pos,inside,0.0062032784
pos,inside,0.019528389
pos,inside,0.08372303
pos,inside,0.019826928
pos,inside,0.055059616
pos,inside,0.043585557
pos,inside,0.022565717
pos,inside,0.035213128
pos,inside,0.07566675
pos,inside,0.057960596
pos,inside,0.010153777
pos,inside,0.1183432
pos,inside,0.08216654
pos,inside,0.11553213
pos,inside,0.06026759
pos,inside,0.02110684
pos,inside,0.067978844
pos,inside,0.009616791
pos,inside,0.029203258
pos,inside,0.07221972
pos,inside,0.032648295
pos,inside,0.03693219
pos,inside,0.011634991
pos,inside,0.10416234
pos,inside,0.061076075
pos,inside,0.060207233
pos,inside,0.020153753
pos,inside,0.01799314
pos,inside,0.051886164
pos,inside,0.0041079978
pos,inside,0.012575764
pos,inside,0.017372012
pos,inside,0.07823547
pos,inside,0.011623034
pos,inside,0.014364455
pos,inside,0.056578018
pos,inside,0.009705489
pos,inside,0.048475523
pos,inside,0.02496342
pos,inside,0.0058460934
pos,inside,0.04966362
pos,inside,0.015994867
pos,inside,0.12798037
pos,inside,0.050997406
pos,inside,0.04632076
pos,inside,0.026594078
pos,inside,0.03356626
pos,inside,0.015677068
pos,inside,0.06850138
pos,inside,0.0641599
pos,inside,0.055912595
pos,inside,0.005898504
pos,inside,0.045836937
pos,inside,0.057964705
pos,inside,0.005949269
pos,inside,0.071594656
pos,inside,0.06113263
pos,inside,0.007077317
pos,inside,0.1101288
pos,inside,0.015538883
pos,inside,0.02030694
pos,inside,0.021706691
pos,inside,0.005966945
pos,inside,0.054664966
pos,inside,0.018771349
pos,inside,0.054583393
pos,inside,0.009899563
pos,inside,0.015935266
pos,inside,0.19948924
pos,inside,0.04724382
pos,inside,0.020748412
pos,inside,0.06928278
pos,inside,0.039175164
pos,inside,0.01381158
pos,inside,0.048321337
pos,inside,0.016469974
pos,inside,0.022086892
pos,inside,0.04649747
pos,inside,0.027729386
pos,inside,0.008973471
pos,inside,0.017711762
pos,inside,0.029213931
pos,inside,0.040410727
pos,inside,0.020207144
pos,inside,0.031303342
pos,inside,0.042099796
pos,inside,0.042037573
pos,inside,0.019517567
pos,inside,0.022895772
pos,inside,0.021382565
pos,inside,0.0613877
pos,inside,0.041791134
pos,inside,0.035631
pos,inside,0.020456566
pos,inside,0.09471169
pos,inside,0.016358543
pos,inside,0.009141758
pos,inside,0.045963444
pos,inside,0.021365527
pos,inside,0.03514457
pos,inside,0.0077244127
pos,inside,0.02199314
pos,inside,0.026245024
pos,inside,0.046647757
pos,inside,0.018556885
pos,inside,0.06818396
pos,inside,0.10780776
pos,inside,0.0065080253
pos,inside,0.0049628597
pos,inside,0.043721143
pos,inside,0.04638791
pos,inside,0.020746807
pos,inside,0.017364986
pos,inside,0.08945405
pos,inside,0.028306477
pos,inside,0.14296484
pos,inside,0.019708296
pos,inside,0.028415013
pos,inside,0.031047268
pos,inside,0.008583393
pos,inside,0.0107397195
pos,inside,0.016369397
pos,inside,0.04127338
pos,inside,0.011128266
pos,inside,0.033718966
pos,inside,0.075225465
pos,inside,0.057821423
pos,inside,0.01716635
pos,inside,0.055960007
pos,inside,0.018278822
pos,inside,0.031535994
pos,inside,0.08524407
pos,inside,0.029109322
pos,inside,0.14332384
pos,inside,0.007003577
pos,inside,0.005429983
pos,inside,0.011952162
pos,inside,0.07270588
pos,inside,0.0507976
pos,inside,0.007780409
pos,inside,0.011254196
pos,inside,0.024675313
pos,inside,0.043431234
pos,inside,0.014212144
pos,inside,0.031517047
pos,inside,0.020101607
pos,inside,0.07710717
pos,inside,0.01603629
pos,inside,0.010406899
pos,inside,0.015434425
pos,inside,0.014045971
pos,inside,0.015160267
pos,inside,0.070856616
pos,inside,0.033013668
pos,inside,0.045570757
pos,inside,0.018795732
pos,inside,0.029751314
pos,inside,0.07901043
pos,inside,0.017173868
pos,inside,0.023226589
pos,inside,0.03752766
pos,inside,0.024553537
pos,inside,0.02666083
pos,inside,0.013360252
pos,inside,0.027758267
pos,inside,0.04744419
pos,inside,0.03665566
pos,inside,0.058939286
pos,inside,0.043705035
pos,inside,0.0043491493
pos,inside,0.051294725
pos,inside,0.025886621
pos,inside,0.02137531
pos,inside,0.06696751
pos,inside,0.021625785
pos,inside,0.017367912
pos,inside,0.013950342
pos,inside,0.032567624
pos,inside,0.010431892
pos,inside,0.10054902
pos,inside,0.03138409
pos,inside,0.056470223
pos,inside,0.026901457
pos,inside,0.018400988
pos,inside,0.020747283
pos,inside,0.02178785
pos,inside,0.009938209
pos,inside,0.008867622
pos,inside,0.01920238
pos,inside,0.046993464
pos,inside,0.058180258
pos,inside,0.061020844
pos,inside,0.10643682
pos,inside,0.0082485
pos,inside,0.014818083
pos,inside,0.010867162
pos,inside,0.08903178
pos,inside,0.032165416
pos,inside,0.021374257
pos,inside,0.007683165
pos,inside,0.055702906
pos,inside,0.03675092
pos,inside,0.046494544
pos,inside,0.010932068
pos,inside,0.018243978
pos,inside,0.019974915
pos,inside,0.041499224
pos,inside,0.06869117
pos,inside,0.0127964895
pos,inside,0.0724969
pos,inside,0.045625526
pos,inside,0.015415134
pos,inside,0.07982393
pos,inside,0.0277209
pos,inside,0.036168862
pos,inside,0.057804737
pos,inside,0.019550873
pos,inside,0.03866465
pos,inside,0.041336797
pos,inside,0.020286858
pos,inside,0.05172149
pos,inside,0.024711704
pos,inside,0.093787014
pos,outside,0.01894599
pos,outside,0.025223728
pos,outside,0.022279419
pos,outside,0.020733973
pos,outside,0.012458689
pos,outside,0.016287481
pos,outside,0.01716293
pos,outside,0.01095886
pos,outside,0.010186267
pos,outside,0.014103874
pos,outside,0.013298988
pos,outside,0.011098948
pos,outside,0.021231622
pos,outside,0.008331986
pos,outside,0.026201637
pos,outside,0.008595657
pos,outside,0.010066675
pos,outside,0.018791726
pos,outside,0.0096810805
pos,outside,0.018961031
pos,outside,0.030588558
pos,outside,0.025391387
pos,outside,0.02543803
pos,outside,0.02938396
pos,outside,0.03890197
pos,outside,0.025293125
pos,outside,0.012324373
pos,outside,0.010755056
pos,outside,0.03074457
pos,outside,0.013095985
pos,outside,0.018105032
pos,outside,0.010826329
pos,outside,0.005314716
pos,outside,0.00945431
pos,outside,0.012880903
pos,outside,0.026074074
pos,outside,0.01713421
pos,outside,0.00548217
pos,outside,0.018650878
pos,outside,0.022216355
pos,outside,0.049634375
pos,outside,0.010372014
pos,outside,0.024172988
pos,outside,0.025735116
pos,outside,0.013971711
pos,outside,0.017807549
pos,outside,0.019722322
pos,outside,0.02075466
pos,outside,0.08472996
pos,outside,0.02426542
pos,outside,0.01583811
pos,outside,0.016335016
pos,outside,0.016255716
pos,outside,0.026161682
pos,outside,0.019900672
pos,outside,0.024339281
pos,outside,0.005588434
pos,outside,0.010135197
pos,outside,0.012315932
pos,outside,0.014113435
pos,outside,0.0111267
pos,outside,0.023367196
pos,outside,0.0149141485
pos,outside,0.011374286
pos,outside,0.035667296
pos,outside,0.023962064
pos,outside,0.015576613
pos,outside,0.022150906
pos,outside,0.00641547
pos,outside,0.014977467
pos,outside,0.005895401
pos,outside,0.01429219
pos,outside,0.035558414
pos,outside,0.038035482
pos,outside,0.020553948
pos,outside,0.057090137
pos,outside,0.0047680647
pos,outside,0.025292836
pos,outside,0.026532851
pos,outside,0.010833474
pos,outside,0.0095578395
pos,outside,0.021759512
pos,outside,0.05649022
pos,outside,0.021424023
pos,outside,0.01582162
pos,outside,0.01882755
pos,outside,0.022512903
pos,outside,0.03755595
pos,outside,0.017772889
pos,outside,0.009528437
pos,outside,0.024929589
pos,outside,0.035288934
pos,outside,0.006109276
pos,outside,0.010653659
pos,outside,0.030547688
pos,outside,0.018726718
pos,outside,0.02345281
pos,outside,0.005715411
pos,outside,0.024021894
pos,outside,0.017410586
pos,outside,0.029108532
pos,outside,0.022554383
pos,outside,0.039510522
pos,outside,0.028679585
pos,outside,0.026048653
pos,outside,0.011138108
pos,outside,0.0083827935
pos,outside,0.06526492
pos,outside,0.041445673
pos,outside,0.017193098
pos,outside,0.011928672
pos,outside,0.02074792
pos,outside,0.025266929
pos,outside,0.0085002985
pos,outside,0.017531168
pos,outside,0.010878752
pos,outside,0.008850604
pos,outside,0.02892266
pos,outside,0.045473203
pos,outside,0.0072588553
pos,outside,0.018792897
pos,outside,0.015201466
pos,outside,0.014559238
pos,outside,0.044487078
pos,outside,0.01762107
pos,outside,0.0058135614
pos,outside,0.020986466
pos,outside,0.02162387
pos,outside,0.026806379
pos,outside,0.008595463
pos,outside,0.02293015
pos,outside,0.018834358
pos,outside,0.06841908
pos,outside,0.014308229
pos,outside,0.008689248
pos,outside,0.020917539
pos,outside,0.02849956
pos,outside,0.005533994
pos,outside,0.011152234
pos,outside,0.009241033
pos,outside,0.019201675
pos,outside,0.030798735
pos,outside,0.033418346
pos,outside,0.018242085
pos,outside,0.023539284
pos,outside,0.024530523
pos,outside,0.057293344
pos,outside,0.028012423
pos,outside,0.013017242
pos,outside,0.011736969
pos,outside,0.018717282
pos,outside,0.008177707
pos,outside,0.02191136
pos,outside,0.07359504
pos,outside,0.022019248
pos,outside,0.030783867
pos,outside,0.010119264
pos,outside,0.0063701733
pos,outside,0.0068361214
pos,outside,0.016607268
pos,outside,0.019894151
pos,outside,0.011185781
pos,outside,0.02290209
pos,outside,0.0108341295
pos,outside,0.010286428
pos,outside,0.030107226
pos,outside,0.0367531
pos,outside,0.021561757
pos,outside,0.016392939
pos,outside,0.03600885
pos,outside,0.010428342
pos,outside,0.027812349
pos,outside,0.03296789
pos,outside,0.027492106
pos,outside,0.042830274
pos,outside,0.028045965
pos,outside,0.038303405
pos,outside,0.030007951
pos,outside,0.028092515
pos,outside,0.01655053
pos,outside,0.011222765
pos,outside,0.02800541
pos,outside,0.009278226
pos,outside,0.03546902
pos,outside,0.021366246
pos,outside,0.00886905
pos,outside,0.008991144
pos,outside,0.02555459
pos,outside,0.0363952
pos,outside,0.021539528
pos,outside,0.008717
pos,outside,0.04015962
pos,outside,0.040322807
pos,outside,0.009095902
pos,outside,0.00976342
pos,outside,0.026847
pos,outside,0.0074364836
pos,outside,0.026266957
pos,outside,0.0106704375
pos,outside,0.00616407
pos,outside,0.013280584
pos,outside,0.009338464
pos,outside,0.02657146
pos,outside,0.020086166
pos,outside,0.028104823
pos,outside,0.023377974
pos,outside,0.018386044
pos,outside,0.06599943
pos,outside,0.007911469
pos,outside,0.039332468
pos,outside,0.021206679
pos,outside,0.019207273
pos,outside,0.028625714
pos,outside,0.020919023
pos,outside,0.028139357
pos,outside,0.016522657
pos,outside,0.03852462
pos,outside,0.01760088
pos,outside,0.01205788
pos,outside,0.006851945
pos,outside,0.009970157
pos,outside,0.018898435
pos,outside,0.019906973
pos,outside,0.0072682714
pos,outside,0.03608807
pos,outside,0.023802621
pos,outside,0.015190176
pos,outside,0.019954816
pos,outside,0.011268506
pos,outside,0.027029349
pos,outside,0.05888263
pos,outside,0.010541801
pos,outside,0.008431714
pos,outside,0.011179854
pos,outside,0.012354529
pos,outside,0.016526941
pos,outside,0.025563417
pos,outside,0.016406188
pos,outside,0.008133827
pos,outside,0.029519249
pos,outside,0.0049007013
pos,outside,0.037600257
pos,outside,0.057999596
pos,outside,0.02520929
pos,outside,0.026608113
pos,outside,0.0273657
pos,outside,0.028558768
pos,outside,0.028333573
pos,outside,0.008489571
pos,outside,0.020558432
pos,outside,0.0046044565
pos,outside,0.031165268
pos,outside,0.016245456
pos,outside,0.022999965
pos,outside,0.016746627
pos,outside,0.011659502
pos,outside,0.009574124
pos,outside,0.005974498
pos,outside,0.018999802
pos,outside,0.02315778
pos,outside,0.014706568
pos,outside,0.02326944
pos,outside,0.03789272
pos,outside,0.0072036707
pos,outside,0.02645015
pos,outside,0.030300528
pos,outside,0.015826274
pos,outside,0.017251767
pos,outside,0.015395627
pos,outside,0.024146529
pos,outside,0.0080284
pos,outside,0.031670332
pos,outside,0.016314194
pos,outside,0.030383613
pos,outside,0.015962275
pos,outside,0.0072823977
pos,outside,0.010017578
pos,outside,0.026064565
pos,outside,0.005514428
pos,outside,0.02318065
pos,outside,0.023313163
pos,outside,0.033680703
pos,outside,0.018552726
pos,outside,0.0149371065
pos,outside,0.004734413
pos,outside,0.014600668
pos,outside,0.025625972
pos,outside,0.015832037
pos,outside,0.0068493863
pos,outside,0.02123225
pos,outside,0.0040903934
pos,outside,0.0072722826
pos,outside,0.097558
pos,outside,0.0056284736
pos,outside,0.009797248
pos,outside,0.016495792
pos,outside,0.02605225
pos,outside,0.028346704
pos,outside,0.010632528
pos,outside,0.014654535
pos,outside,0.022480128
pos,outside,0.030578943
pos,outside,0.024246968
pos,outside,0.02561171
pos,outside,0.023354294
pos,outside,0.022479225
pos,outside,0.013578243
pos,outside,0.02875101
pos,outside,0.0130913565
pos,outside,0.012004725
pos,outside,0.018300714
pos,outside,0.008948427
pos,outside,0.042799186
pos,outside,0.026634363
pos,outside,0.024837675
pos,outside,0.016554834
pos,outside,0.030946473
pos,outside,0.008307191
pos,outside,0.021302931
pos,outside,0.009593969
pos,outside,0.016917521
pos,outside,0.0152036445
pos,outside,0.0048679346
pos,outside,0.005952001
pos,outside,0.021765718
pos,outside,0.011771524
pos,outside,0.010292016
pos,outside,0.009436414
pos,outside,0.022683091
pos,outside,0.009286485
pos,outside,0.0060706106
pos,outside,0.00909049
pos,outside,0.018436879
pos,outside,0.016698841
pos,outside,0.019105773
pos,outside,0.006311177
pos,outside,0.021644522
pos,outside,0.008294727
pos,outside,0.010061556
pos,outside,0.017379604
pos,outside,0.019514387
pos,outside,0.009029917
pos,outside,0.02993721
pos,outside,0.023740442
pos,outside,0.041397914
pos,outside,0.023035202
pos,outside,0.05687506
pos,outside,0.018548626
pos,outside,0.0407719
pos,outside,0.019049034
pos,outside,0.012213439
pos,outside,0.008952683
pos,outside,0.021166297
pos,outside,0.006901014
pos,outside,0.057903625
pos,outside,0.012904105
pos,outside,0.0068347584
pos,outside,0.019020148
pos,outside,0.03124611
pos,outside,0.020835178
pos,outside,0.010203576
pos,outside,0.014337482
pos,outside,0.010093885
pos,outside,0.021154482
pos,outside,0.010438099
pos,outside,0.014274283
pos,outside,0.029656768
pos,outside,0.01781115
pos,outside,0.021579621
pos,outside,0.030330168
pos,outside,0.016967412
pos,outside,0.008624833
pos,outside,0.019683748
pos,outside,0.00660453
pos,outside,0.029515326
pos,outside,0.011438623
pos,outside,0.007069902
pos,outside,0.010798221
pos,outside,0.022764748
pos,outside,0.015666695
pos,outside,0.021415247
pos,outside,0.0103108175
pos,outside,0.018495604
pos,outside,0.020069445
pos,outside,0.03964868
pos,outside,0.009755797
pos,outside,0.06413991
pos,outside,0.018275768
pos,outside,0.032721087
pos,outside,0.025719509
pos,outside,0.025916087
pos,outside,0.013279319
pos,outside,0.020180823
pos,outside,0.0064083603
pos,outside,0.022751302
pos,outside,0.006350965
pos,outside,0.014489338
pos,outside,0.01018603
pos,outside,0.0050779856
pos,outside,0.02424263
pos,outside,0.0055871746
pos,outside,0.038761526
pos,outside,0.023879632
pos,outside,0.011460824
pos,outside,0.028760556
pos,outside,0.018055102
pos,outside,0.008963451
pos,outside,0.025697451
pos,outside,0.027829561
pos,outside,0.026007874
pos,outside,0.033316556
pos,outside,0.030921234
pos,outside,0.030850913
pos,outside,0.021944376
pos,outside,0.008578692
pos,outside,0.02207428
pos,outside,0.017504077
pos,outside,0.033257216
pos,outside,0.03780576
pos,outside,0.010750538
pos,outside,0.025694357
pos,outside,0.004413877
pos,outside,0.030945819
pos,outside,0.021163523
pos,outside,0.032445353
pos,outside,0.030523868
pos,outside,0.034565486
pos,outside,0.025654694
pos,outside,0.008355543
pos,outside,0.011058734
pos,outside,0.017951248
pos,outside,0.02902164
pos,outside,0.016709322
pos,outside,0.04119559
pos,outside,0.01785016
pos,outside,0.021547312
pos,outside,0.0064781737
pos,outside,0.008500391
pos,outside,0.016214754
pos,outside,0.0066206814
pos,outside,0.009109033
pos,outside,0.021911498
pos,outside,0.03410072
pos,outside,0.056992244
pos,outside,0.020565879
pos,outside,0.032431774
pos,outside,0.030395923
pos,outside,0.02624638
pos,outside,0.028584218
pos,outside,0.008083107
pos,outside,0.016304448
pos,outside,0.03665543
pos,outside,0.017298212
pos,outside,0.032106735
pos,outside,0.005796058
pos,outside,0.03001351
pos,outside,0.019978408
pos,outside,0.029669015
pos,outside,0.006180608
pos,outside,0.009786886
pos,outside,0.006678331
pos,outside,0.013338965
pos,outside,0.021898562
pos,outside,0.015433987
pos,outside,0.024931863
pos,outside,0.011835326
pos,outside,0.02839986
pos,outside,0.008176911
pos,outside,0.04688222
pos,outside,0.014113482
pos,outside,0.019808112
pos,outside,0.031016096
pos,outside,0.006072499
pos,outside,0.0041248165
pos,outside,0.010050585
pos,outside,0.029571326
pos,outside,0.020667223
pos,outside,0.0227207
pos,outside,0.01103458
pos,outside,0.010555757
pos,outside,0.010937248
pos,outside,0.030965805
pos,outside,0.021272574
pos,outside,0.010638831
pos,outside,0.014029223
pos,outside,0.011982697
pos,outside,0.033404227
pos,outside,0.024226973
pos,outside,0.022993218
pos,outside,0.0068956134
pos,outside,0.032370336
pos,outside,0.023586826
pos,outside,0.008418944
pos,outside,0.015851948
pos,outside,0.019925006
pos,outside,0.009042099
pos,outside,0.018077226
pos,outside,0.02773725
pos,outside,0.010577555
pos,outside,0.010217895
pos,outside,0.0074845976
pos,outside,0.012619297
pos,outside,0.018060558
pos,outside,0.032525297
pos,outside,0.037054032
pos,outside,0.015324447
pos,outside,0.046720825
pos,outside,0.015308071
pos,outside,0.020995349
pos,outside,0.009675333
pos,outside,0.018966148
pos,outside,0.019965451
pos,outside,0.019006737
pos,outside,0.017568665
pos,outside,0.05607265
pos,outside,0.020018067
pos,outside,0.018320717
pos,outside,0.022051435
pos,outside,0.026697699
pos,outside,0.007829378
pos,outside,0.0278006
pos,outside,0.010834373
pos,outside,0.010487801
pos,outside,0.013030726
pos,outside,0.02335949
pos,outside,0.008144371
pos,outside,0.02439056
pos,outside,0.0062220716
pos,outside,0.020258548
pos,outside,0.020380637
pos,outside,0.020551218
pos,outside,0.012546686
pos,outside,0.029116495
pos,outside,0.012705253
pos,outside,0.007488604
pos,outside,0.029946895
pos,outside,0.011066837
pos,outside,0.014768598
pos,outside,0.029448152
pos,outside,0.01643369
pos,outside,0.0146705955
pos,outside,0.02977956
pos,outside,0.030536074
pos,outside,0.006825541
pos,outside,0.009671712
pos,outside,0.007657011
pos,outside,0.0127028115
pos,outside,0.01275009
pos,outside,0.010740152
pos,outside,0.008146544
pos,outside,0.014244968
pos,outside,0.016243115
pos,outside,0.01690443
pos,outside,0.03887379
pos,outside,0.014217662
pos,outside,0.010167413
pos,outside,0.013016042
pos,outside,0.011442834
pos,outside,0.006192674
pos,outside,0.014730409
pos,outside,0.026151998
pos,outside,0.010805574
pos,outside,0.02464169
pos,outside,0.037654202
pos,outside,0.007202714
pos,outside,0.01838179
pos,outside,0.03726928
pos,outside,0.016269442
pos,outside,0.027756127
pos,outside,0.016114578
pos,outside,0.014947536
pos,outside,0.011338966
pos,outside,0.01435139
pos,outside,0.032454707
pos,outside,0.010273472
pos,outside,0.033040542
pos,outside,0.026489023
pos,outside,0.05464484
pos,outside,0.012311408
pos,outside,0.007680543
pos,outside,0.033597965
pos,outside,0.021866228
pos,outside,0.015933705
pos,outside,0.011381307
pos,outside,0.02395588
pos,outside,0.029503029
pos,outside,0.026583064
pos,outside,0.022815978
pos,outside,0.018377792
pos,outside,0.011951083
pos,outside,0.040209644
pos,outside,0.017929805
pos,outside,0.032393895
pos,outside,0.025655463
pos,outside,0.024424342
pos,outside,0.004738017
pos,outside,0.006126329
pos,outside,0.031381413
pos,outside,0.008503032
pos,outside,0.023393719
pos,outside,0.026430327
pos,outside,0.049782548
pos,outside,0.0052550733
pos,outside,0.0051589715
pos,outside,0.02387852
pos,outside,0.034786683
pos,outside,0.009804586
pos,outside,0.012507268
pos,outside,0.009337237
pos,outside,0.011092639
pos,outside,0.0109676365
pos,outside,0.017072026
pos,outside,0.023545545
pos,outside,0.009381322
pos,outside,0.0067066173
pos,outside,0.030619906
pos,outside,0.025734168
pos,outside,0.008516527
pos,outside,0.050722443
pos,outside,0.012850632
pos,outside,0.010446826
pos,outside,0.02275426
pos,outside,0.022672776
pos,outside,0.008126571
pos,outside,0.0097816195
pos,outside,0.014911402
pos,outside,0.005973889
pos,outside,0.010422786
pos,outside,0.008946998
pos,outside,0.013272032
pos,outside,0.03284098
pos,outside,0.020807516
pos,outside,0.01377146
pos,outside,0.04237596
pos,outside,0.012469939
pos,outside,0.018040411
pos,outside,0.011385152
pos,outside,0.016660279
pos,outside,0.008592061
pos,outside,0.017214308
pos,outside,0.008384394
pos,outside,0.022785956
pos,outside,0.054016832
pos,outside,0.016583014
pos,outside,0.034795456
pos,outside,0.04562905
pos,outside,0.031438973
pos,outside,0.020733561
pos,outside,0.007882734
pos,outside,0.05316332
pos,outside,0.010177977
pos,outside,0.013000543
pos,outside,0.011321335
pos,outside,0.018914228
pos,outside,0.021501807
pos,outside,0.006707754
pos,outside,0.017101714
pos,outside,0.025898917
pos,outside,0.008095196
pos,outside,0.01454947
pos,outside,0.007831294
pos,outside,0.007028226
pos,outside,0.034670483
pos,outside,0.026630966
pos,outside,0.024389978
pos,outside,0.018446112
pos,outside,0.007251397
pos,outside,0.062054317
pos,outside,0.01716919
pos,outside,0.018419208
pos,outside,0.004740746
pos,outside,0.007544269
pos,outside,0.005577593
pos,outside,0.018833447
pos,outside,0.012910691
pos,outside,0.02458001
pos,outside,0.026985725
pos,outside,0.061708376
pos,outside,0.015597093
pos,outside,0.056809243
pos,outside,0.018974822
pos,outside,0.038604844
pos,outside,0.008192801
pos,outside,0.015361199
pos,outside,0.016818244
pos,outside,0.009497016
pos,outside,0.008937809
pos,outside,0.008266776
pos,outside,0.012245794
pos,outside,0.027665444
pos,outside,0.010026215
pos,outside,0.019414933
pos,outside,0.020433985
pos,outside,0.015835015
pos,outside,0.011301415
pos,outside,0.0064574894
pos,outside,0.016853986
pos,outside,0.007609356
pos,outside,0.017676376
pos,outside,0.04405901
pos,outside,0.025725113
pos,outside,0.03142061
pos,outside,0.010708923
pos,outside,0.020004481
pos,outside,0.012919572
pos,outside,0.0319828
pos,outside,0.005030642
pos,outside,0.017302819
pos,outside,0.042430326
pos,outside,0.02005481
pos,outside,0.0073773386
pos,outside,0.022117367
pos,outside,0.027647384
pos,outside,0.010468103
pos,outside,0.012883353
pos,outside,0.010870063
pos,outside,0.029518861
pos,outside,0.0078486465
pos,outside,0.022760352
pos,outside,0.005313881
pos,outside,0.043408103
pos,outside,0.009356961
pos,outside,0.028692886
pos,outside,0.0132518755
pos,outside,0.057680413
pos,outside,0.029145006
pos,outside,0.024275681
pos,outside,0.020699257
pos,outside,0.010117246
pos,outside,0.022688681
pos,outside,0.028076176
pos,outside,0.024222603
pos,outside,0.03013542
pos,outside,0.02897032
pos,outside,0.008010543
pos,outside,0.021579767
pos,outside,0.008970635
pos,outside,0.037914854
pos,outside,0.0236784
pos,outside,0.019012209
pos,outside,0.029724903
pos,outside,0.016801856
pos,outside,0.015422889
pos,outside,0.028791249
pos,outside,0.026045643
pos,outside,0.012470822
pos,outside,0.014243981
pos,outside,0.024387032
pos,outside,0.008025584
pos,outside,0.026997337
pos,outside,0.023698576
pos,outside,0.008072882
pos,outside,0.016920159
pos,outside,0.029615946
pos,outside,0.023378862
pos,outside,0.034186263
pos,outside,0.023591634
pos,outside,0.019223286
pos,outside,0.0172696
pos,outside,0.031253267
pos,outside,0.008640169
pos,outside,0.013922534
pos,outside,0.020236235
pos,outside,0.041946813
pos,outside,0.013009829
pos,outside,0.021824678
pos,outside,0.0079118395
pos,outside,0.009828724
pos,outside,0.01686283
pos,outside,0.024654701
pos,outside,0.0067560626
pos,outside,0.008045997
pos,outside,0.0268079
pos,outside,0.012003642
pos,outside,0.014684672
pos,outside,0.025088118
pos,outside,0.013271673
pos,outside,0.0052819145
pos,outside,0.012205151
pos,outside,0.039109316
pos,outside,0.014294556
pos,outside,0.029350663
pos,outside,0.020503938
pos,outside,0.013249699
pos,outside,0.010281834
pos,outside,0.052210268
pos,outside,0.033360142
pos,outside,0.0074702147
pos,outside,0.029409677
pos,outside,0.0377914
pos,outside,0.036757838
pos,outside,0.03156427
pos,outside,0.015210393
pos,outside,0.027434733
pos,outside,0.004355027
pos,outside,0.015177603
pos,outside,0.029513657
pos,outside,0.017877197
pos,outside,0.012141397
pos,outside,0.017923525
pos,outside,0.05623583
pos,outside,0.029566318
pos,outside,0.027692486
pos,outside,0.009321148
pos,outside,0.015448317
pos,outside,0.026222426
pos,outside,0.008831293
pos,outside,0.013539287
pos,outside,0.024471384
pos,outside,0.045247085
pos,outside,0.008083111
pos,outside,0.014329685
pos,outside,0.02398684
pos,outside,0.0072394
pos,outside,0.030830009
pos,outside,0.013661061
pos,outside,0.005387772
pos,outside,0.030211056
pos,outside,0.012669178
pos,outside,0.052889958
pos,outside,0.032453023
pos,outside,0.028187582
pos,outside,0.014349809
pos,outside,0.029963318
pos,outside,0.008500879
pos,outside,0.03192929
pos,outside,0.027083386
pos,outside,0.020070318
pos,outside,0.00532811
pos,outside,0.030018177
pos,outside,0.036750626
pos,outside,0.0090017505
pos,outside,0.02747252
pos,outside,0.035299722
pos,outside,0.007013773
pos,outside,0.04829434
pos,outside,0.0071221846
pos,outside,0.01757791
pos,outside,0.010904764
pos,outside,0.004776129
pos,outside,0.032081503
pos,outside,0.0064396574
pos,outside,0.021815756
pos,outside,0.006300033
pos,outside,0.019731477
pos,outside,0.053960912
pos,outside,0.033276737
pos,outside,0.009443169
pos,outside,0.033929113
pos,outside,0.015797703
pos,outside,0.013558189
pos,outside,0.023573969
pos,outside,0.01198874
pos,outside,0.011653452
pos,outside,0.025076207
pos,outside,0.011703233
pos,outside,0.009040129
pos,outside,0.019473515
pos,outside,0.025515486
pos,outside,0.020615876
pos,outside,0.014755071
pos,outside,0.017247746
pos,outside,0.018767353
pos,outside,0.02211299
pos,outside,0.010582726
pos,outside,0.01359606
pos,outside,0.008406513
pos,outside,0.025226476
pos,outside,0.021716496
pos,outside,0.015059941
pos,outside,0.0132762045
pos,outside,0.031121865
pos,outside,0.016186817
pos,outside,0.01034372
pos,outside,0.0344664
pos,outside,0.01716416
pos,outside,0.019833352
pos,outside,0.0044569024
pos,outside,0.021102557
pos,outside,0.010940585
pos,outside,0.021563284
pos,outside,0.010582911
pos,outside,0.02188463
pos,outside,0.0399069
pos,outside,0.0054348535
pos,outside,0.0056952024
pos,outside,0.023471067
pos,outside,0.025197012
pos,outside,0.014294945
pos,outside,0.007737564
pos,outside,0.025676463
pos,outside,0.02056187
pos,outside,0.067121364
pos,outside,0.011617809
pos,outside,0.010446238
pos,outside,0.019581102
pos,outside,0.010092463
pos,outside,0.007688537
pos,outside,0.009801685
pos,outside,0.01630517
pos,outside,0.011939075
pos,outside,0.017171863
pos,outside,0.027373027
pos,outside,0.033539046
pos,outside,0.015284348
pos,outside,0.03135815
pos,outside,0.015243767
pos,outside,0.013965635
pos,outside,0.033858914
pos,outside,0.01637694
pos,outside,0.053550042
pos,outside,0.009036021
pos,outside,0.0058629583
pos,outside,0.008337664
pos,outside,0.028253626
pos,outside,0.020261193
pos,outside,0.00481342
pos,outside,0.007385329
pos,outside,0.013884807
pos,outside,0.023191882
pos,outside,0.011726335
pos,outside,0.023122776
pos,outside,0.008256538
pos,outside,0.027320152
pos,outside,0.018772878
pos,outside,0.007849178
pos,outside,0.009990564
pos,outside,0.01193731
pos,outside,0.008881056
pos,outside,0.027613595
pos,outside,0.02229426
pos,outside,0.02352939
pos,outside,0.013138649
pos,outside,0.030819107
pos,outside,0.027320651
pos,outside,0.010277644
pos,outside,0.010735479
pos,outside,0.03237095
pos,outside,0.016138636
pos,outside,0.01621479
pos,outside,0.01273865
pos,outside,0.024707003
pos,outside,0.02273065
pos,outside,0.01655071
pos,outside,0.015411331
pos,outside,0.0280286
pos,outside,0.0047406177
pos,outside,0.020190569
pos,outside,0.01138989
pos,outside,0.01967771
pos,outside,0.041055676
pos,outside,0.0101014525
pos,outside,0.0134242745
pos,outside,0.013410241
pos,outside,0.022388434
pos,outside,0.00981479
pos,outside,0.049976576
pos,outside,0.017186187
pos,outside,0.02004489
pos,outside,0.005665555
pos,outside,0.03115615
pos,outside,0.017149989
pos,outside,0.018574582
pos,outside,0.0050474172
pos,outside,0.0075240354
pos,outside,0.0060018953
pos,outside,0.021892656
pos,outside,0.0318846
pos,outside,0.024066262
pos,outside,0.033881012
pos,outside,0.0053774747
pos,outside,0.0076486194
pos,outside,0.0058025573
pos,outside,0.027008882
pos,outside,0.01771462
pos,outside,0.014242186
pos,outside,0.007970208
pos,outside,0.02607686
pos,outside,0.018831512
pos,outside,0.016540995
pos,outside,0.011822235
pos,outside,0.014870248
pos,outside,0.015371856
pos,outside,0.019393686
pos,outside,0.02773603
pos,outside,0.014727452
pos,outside,0.02692937
pos,outside,0.027897684
pos,outside,0.01061717
pos,outside,0.029775871
pos,outside,0.028070379
pos,outside,0.023156952
pos,outside,0.021966396
pos,outside,0.028793383
pos,outside,0.01975921
pos,outside,0.02290572
pos,outside,0.009000252
pos,outside,0.024830623
pos,outside,0.018863183
pos,outside,0.04132067
neg,inside,0.030155405
neg,inside,0.0007295328
neg,inside,0.11847781
neg,inside,0.00768434
neg,inside,0.13022801
neg,inside,0.07873171
neg,inside,0.022146598
neg,inside,0.16897069
neg,inside,0.002139373
neg,inside,0.012305343
neg,inside,0.05926501
neg,inside,0.47602654
neg,inside,0.0023723675
neg,inside,0.001093302
neg,inside,0.00085370446
neg,inside,0.00034896063
neg,inside,0.16964677
neg,inside,0.15148412
neg,inside,0.23684397
neg,inside,0.08509852
neg,inside,0.20633341
neg,inside,0.16588919
neg,inside,0.22470388
neg,inside,0.0011953295
neg,inside,0.015925176
neg,inside,0.07219821
neg,inside,0.00023001716
neg,inside,0.18264519
neg,inside,0.07646065
neg,inside,0.0009148916
neg,inside,0.18675436
neg,inside,0.0007754508
neg,inside,0.00087749393
neg,inside,0.0016403102
neg,inside,0.011906357
neg,inside,0.22482377
neg,inside,0.0012567498
neg,inside,0.17061248
neg,inside,0.1396432
neg,inside,0.1753392
neg,inside,0.00033241225
neg,inside,0.003280931
neg,inside,0.0016219765
neg,inside,0.14422068
neg,inside,0.013300169
neg,inside,0.00039701108
neg,inside,0.00018846629
neg,inside,0.0175371
neg,inside,0.019493246
neg,inside,0.0012443737
neg,inside,0.16436909
neg,inside,0.11476725
neg,inside,0.13774407
neg,inside,0.061246537
neg,inside,0.099654116
neg,inside,0.0020157893
neg,inside,0.21529126
neg,inside,0.0013056832
neg,inside,0.113438345
neg,inside,0.065130554
neg,inside,0.0109232515
neg,inside,0.0793059
neg,inside,0.15242812
neg,inside,0.08238925
neg,inside,0.053756595
neg,inside,0.22335844
neg,inside,0.00065330666
neg,inside,0.13769202
neg,inside,0.03856095
neg,inside,0.26658782
neg,inside,0.0019340515
neg,inside,0.00068833027
neg,inside,0.035186887
neg,inside,0.1193078
neg,inside,0.2216073
neg,inside,0.00018723805
neg,inside,0.001700819
neg,inside,0.0031887568
neg,inside,0.043128964
neg,inside,0.10506328
neg,inside,0.00037193295
neg,inside,0.15846723
neg,inside,0.00040897727
neg,inside,0.00033989194
neg,inside,0.194279
neg,inside,0.00076095085
neg,inside,0.18330218
neg,inside,0.1252949
neg,inside,0.06517909
neg,inside,0.08698047
neg,inside,0.17893997
neg,inside,0.0013127327
neg,inside,0.0029835051
neg,inside,0.11722062
neg,inside,0.21851331
neg,inside,0.020285558
neg,inside,0.10387265
neg,inside,0.15439399
neg,inside,0.15052132
neg,inside,0.100365736
neg,inside,0.0006140238
neg,inside,0.000543337
neg,inside,0.036278844
neg,inside,0.0004979451
neg,inside,0.0005711931
neg,inside,0.0008123104
neg,inside,0.005090587
neg,inside,0.00023909977
neg,inside,0.14003494
neg,inside,0.14154865
neg,inside,0.06227928
neg,inside,0.18263598
neg,inside,0.00043015045
neg,inside,0.033273406
neg,inside,0.0011333171
neg,inside,0.00048760732
neg,inside,0.17682202
neg,inside,0.07095065
neg,inside,0.0532664
neg,inside,0.1342954
neg,inside,0.061636545
neg,inside,0.0028774964
neg,inside,0.26182458
neg,inside,0.045994967
neg,inside,0.00057091186
neg,inside,0.22058249
neg,inside,0.23756973
neg,inside,0.034837924
neg,inside,0.0010922016
neg,inside,0.10579308
neg,inside,0.00083763077
neg,inside,0.009952875
neg,inside,0.0003731457
neg,inside,0.0002362372
neg,inside,0.00028454044
neg,inside,0.10818291
neg,inside,0.15596382
neg,inside,0.009537611
neg,inside,0.00035290967
neg,inside,0.00068414654
neg,inside,0.05468165
neg,inside,0.10234982
neg,inside,0.15077761
neg,inside,0.00029471825
neg,inside,0.06894766
neg,inside,0.0006948344
neg,inside,0.21480975
neg,inside,0.0013072491
neg,inside,0.08207805
neg,inside,0.16486907
neg,inside,0.0014724948
neg,inside,0.18085666
neg,inside,0.00018299585
neg,inside,0.24139927
neg,inside,0.0029990498
neg,inside,0.0008020485
neg,inside,0.06512739
neg,inside,0.009404617
neg,inside,0.025227215
neg,inside,0.0046076425
neg,inside,0.038348958
neg,inside,0.18071392
neg,inside,0.00036798825
neg,inside,0.00050691323
neg,inside,0.0024106104
neg,inside,0.0005655732
neg,inside,0.06787838
neg,inside,0.012943528
neg,inside,0.08348556
neg,inside,0.19096786
neg,inside,0.0003306071
neg,inside,0.0013539148
neg,inside,0.13040684
neg,inside,0.14013764
neg,inside,0.00023369562
neg,inside,0.08236124
neg,inside,0.1428281
neg,inside,0.019082054
neg,inside,0.00164978
neg,inside,0.12743807
neg,inside,0.10412775
neg,inside,0.13992299
neg,inside,0.0015623927
neg,inside,0.2044401
neg,inside,0.046606198
neg,inside,0.069393575
neg,inside,0.066012755
neg,inside,0.000613036
neg,inside,0.0633245
neg,inside,0.0052816686
neg,inside,0.034784645
neg,inside,0.048244577
neg,inside,0.020157773
neg,inside,0.0013642024
neg,inside,0.14550793
neg,inside,0.0011520082
neg,inside,0.0013680799
neg,inside,0.13864838
neg,inside,0.00034295948
neg,inside,0.0003146728
neg,inside,0.0016900989
neg,inside,0.08256773
neg,inside,0.0015994707
neg,inside,0.011461424
neg,inside,0.23149331
neg,inside,0.06815462
neg,inside,0.08988439
neg,inside,0.16987908
neg,inside,0.07560797
neg,inside,0.097357064
neg,inside,0.21846533
neg,inside,0.11268869
neg,inside,0.00026346024
neg,inside,0.0015339081
neg,inside,0.059917275
neg,inside,0.03514577
neg,inside,0.09407741
neg,inside,0.06480355
neg,inside,0.00028969257
neg,inside,0.0004281816
neg,inside,0.0025402587
neg,inside,0.057696514
neg,inside,0.08622076
neg,inside,0.14826038
neg,inside,0.0049922806
neg,inside,0.00031836238
neg,inside,0.12840141
neg,inside,0.16685572
neg,inside,0.1343448
neg,inside,0.0040037497
neg,inside,0.08156157
neg,inside,0.1494524
neg,inside,0.095358446
neg,inside,0.17460932
neg,inside,0.109695725
neg,inside,0.0028238539
neg,inside,0.10700849
neg,inside,0.20364122
neg,inside,0.07623427
neg,inside,0.00047840676
neg,inside,0.11012321
neg,inside,0.1055908
neg,inside,0.105163924
neg,inside,0.026900824
neg,inside,0.16991717
neg,inside,0.14246371
neg,inside,0.3164856
neg,inside,0.2854097
neg,inside,0.048583336
neg,inside,0.16141951
neg,inside,0.03796253
neg,inside,0.00797928
neg,inside,0.07040328
neg,inside,0.048914094
neg,inside,0.091556124
neg,inside,0.00031097353
neg,inside,0.00888894
neg,inside,0.064998195
neg,inside,0.021476
neg,inside,0.0015908196
neg,inside,0.0004112554
neg,inside,0.22096917
neg,inside,0.30048913
neg,inside,0.024418665
neg,inside,0.09985223
neg,inside,0.05091758
neg,inside,0.08522675
neg,inside,0.13705859
neg,inside,0.13559653
neg,inside,0.0022145954
neg,inside,0.21192645
neg,inside,0.0004281669
neg,inside,0.00056447653
neg,inside,0.16768074
neg,inside,0.00090798124
neg,inside,0.0022234349
neg,inside,0.21593249
neg,inside,0.06250087
neg,inside,0.10326824
neg,inside,0.0014134559
neg,inside,0.00033631857
neg,inside,0.09574702
neg,inside,0.13583642
neg,inside,0.0006842481
neg,inside,0.19779754
neg,inside,0.0018325227
neg,inside,0.095564656
neg,inside,0.0026777347
neg,inside,0.11013741
neg,inside,0.095290475
neg,inside,0.00028920174
neg,inside,0.0040010773
neg,inside,0.20298022
neg,inside,0.09044781
neg,inside,0.00045810698
neg,inside,0.19955671
neg,inside,0.22556715
neg,inside,0.001272749
neg,inside,0.001651211
neg,inside,0.0002603531
neg,inside,0.0004612983
neg,inside,0.001087974
neg,inside,0.0028168238
neg,inside,0.11698113
neg,inside,0.00048540608
neg,inside,0.0036358833
neg,inside,0.16011263
neg,inside,0.013055422
neg,inside,0.0017849173
neg,inside,0.2581099
neg,inside,0.0019505349
neg,inside,0.071929455
neg,inside,0.09552665
neg,inside,0.09249323
neg,inside,0.31723803
neg,inside,0.00033336214
neg,inside,0.0658114
neg,inside,0.112611756
neg,inside,0.06791664
neg,inside,0.10263556
neg,inside,0.22073482
neg,inside,0.001930078
neg,inside,0.03589998
neg,inside,0.00027526054
neg,inside,0.11999043
neg,inside,0.07304516
neg,inside,0.0010508167
neg,inside,0.0004533823
neg,inside,0.0011250784
neg,inside,0.00087291544
neg,inside,0.0836678
neg,inside,0.05653738
neg,inside,0.048569947
neg,inside,0.1096305
neg,inside,0.00053411216
neg,inside,0.0014129956
neg,inside,0.14388394
neg,inside,0.15692976
neg,inside,0.0024643738
neg,inside,0.15976685
neg,inside,0.0013220514
neg,inside,0.0005313934
neg,inside,0.11117517
neg,inside,0.086002596
neg,inside,0.17231196
neg,inside,0.0052454676
neg,inside,0.00022317494
neg,inside,0.093906894
neg,inside,0.018123982
neg,inside,0.16095744
neg,inside,0.0011387605
neg,inside,0.07245059
neg,inside,0.22702396
neg,inside,0.028490247
neg,inside,0.086698085
neg,inside,0.19162783
neg,inside,0.07578078
neg,inside,0.19460167
neg,inside,0.05629412
neg,inside,0.123389125
neg,inside,0.048837837
neg,inside,0.0012307814
neg,inside,0.0022629024
neg,inside,0.2809689
neg,inside,0.049446557
neg,inside,0.09026328
neg,inside,0.102536105
neg,inside,0.0014923281
neg,inside,0.0005986083
neg,inside,0.17514838
neg,inside,0.00091132935
neg,inside,0.112701625
neg,inside,0.24620706
neg,inside,0.00022789408
neg,inside,0.0019883865
neg,inside,0.10017907
neg,inside,0.092565075
neg,inside,0.0101195825
neg,inside,0.08622343
neg,inside,0.21442842
neg,inside,0.11023093
neg,inside,0.0006606181
neg,inside,0.0027769892
neg,inside,0.0066498066
neg,inside,0.0016647553
neg,inside,0.0025262376
neg,inside,0.0008972168
neg,inside,0.001259534
neg,inside,0.17202704
neg,inside,0.0013225874
neg,inside,0.0033036722
neg,inside,0.008177922
neg,inside,0.04543563
neg,inside,0.007767196
neg,inside,0.19837911
neg,inside,0.29708898
neg,inside,0.00058089365
neg,inside,0.18128252
neg,inside,0.16749597
neg,inside,0.12805235
neg,inside,0.008769488
neg,inside,0.12067265
neg,inside,0.015042094
neg,inside,0.06379887
neg,inside,0.000908494
neg,inside,0.00019873233
neg,inside,0.0013456462
neg,inside,0.010381613
neg,inside,0.24183759
neg,inside,0.0012491317
neg,inside,0.00047866825
neg,inside,0.13043754
neg,inside,0.025905592
neg,inside,0.0004221939
neg,inside,0.19335519
neg,inside,0.13070561
neg,inside,0.0030445845
neg,inside,0.0018431492
neg,inside,0.0011174985
neg,inside,0.07469823
neg,inside,0.15772727
neg,inside,0.18088263
neg,inside,0.0024762687
neg,inside,0.258757
neg,inside,0.00439845
neg,inside,0.037539847
neg,inside,0.0012602439
neg,inside,0.0002894566
neg,inside,0.0009596888
neg,inside,0.0027393082
neg,inside,0.20606278
neg,inside,0.33487204
neg,inside,0.11771808
neg,inside,0.027981564
neg,inside,0.14739224
neg,inside,0.05659353
neg,inside,0.06113529
neg,inside,0.007484436
neg,inside,0.05441023
neg,inside,0.0023134362
neg,inside,0.06194388
neg,inside,0.0012332682
neg,inside,0.12706333
neg,inside,0.0015443304
neg,inside,0.010972008
neg,inside,0.08306928
neg,inside,0.001240205
neg,inside,0.109972335
neg,inside,0.04690125
neg,inside,0.053296782
neg,inside,0.00044202805
neg,inside,0.0014773282
neg,inside,0.15494102
neg,inside,0.0460363
neg,inside,0.06172251
neg,inside,0.0015186685
neg,inside,0.0007731403
neg,inside,0.19131336
neg,inside,0.1172983
neg,inside,0.1111045
neg,inside,0.19580282
neg,inside,0.05684135
neg,inside,0.0009598277
neg,inside,0.00025269194
neg,inside,0.09139824
neg,inside,0.17336035
neg,inside,0.2948946
neg,inside,0.0021022568
neg,inside,0.14117989
neg,inside,0.052581538
neg,inside,0.19238555
neg,inside,0.09776741
neg,inside,0.16887806
neg,inside,0.0034280068
neg,inside,0.0005351824
neg,inside,0.033685043
neg,inside,0.0002337055
neg,inside,0.010313102
neg,inside,0.007895837
neg,inside,0.07208416
neg,inside,0.24942182
neg,inside,0.15037775
neg,inside,0.0014918647
neg,inside,0.044651374
neg,inside,0.05705336
neg,inside,0.05525246
neg,inside,0.1635411
neg,inside,0.02535474
neg,inside,0.039515663
neg,inside,0.00032288683
neg,inside,0.098548174
neg,inside,0.0026733307
neg,inside,0.007725387
neg,inside,0.006981947
neg,inside,0.0033714771
neg,inside,0.21973877
neg,inside,0.09107652
neg,inside,0.0039007755
neg,inside,0.066380635
neg,inside,0.27528703
neg,inside,0.001370617
neg,inside,0.0009224282
neg,inside,0.00043041565
neg,inside,0.007907003
neg,inside,0.06827361
neg,inside,0.19304384
neg,inside,0.0047405832
neg,inside,0.1473875
neg,inside,0.08010064
neg,inside,0.06438346
neg,inside,0.0006319682
neg,inside,0.04874027
neg,inside,0.19331996
neg,inside,0.0069765993
neg,inside,0.13731337
neg,inside,0.22132292
neg,inside,0.00019179452
neg,inside,0.11841159
neg,inside,0.0038892063
neg,inside,0.17462923
neg,inside,0.00019115391
neg,inside,0.00056032545
neg,inside,0.11427739
neg,inside,0.014628775
neg,inside,0.00029091607
neg,inside,0.0013243811
neg,inside,0.00027122497
neg,inside,0.2491126
neg,inside,0.022379894
neg,inside,0.02466863
neg,inside,0.074651316
neg,inside,0.03682631
neg,inside,0.0010272943
neg,inside,0.079111114
neg,inside,0.07132987
neg,inside,0.08817151
neg,inside,0.009654427
neg,inside,0.025097378
neg,inside,0.21926235
neg,inside,0.031595122
neg,inside,0.19723912
neg,inside,0.09682295
neg,inside,0.0010695702
neg,inside,0.23580606
neg,inside,0.0017718077
neg,inside,0.00578684
neg,inside,0.09762054
neg,inside,0.042612832
neg,inside,0.2493838
neg,inside,0.02764267
neg,inside,0.21688472
neg,inside,0.094628386
neg,inside,0.0012646732
neg,inside,0.23751399
neg,inside,0.113166645
neg,inside,0.2162905
neg,inside,0.012570308
neg,inside,0.00023597218
neg,inside,0.026994418
neg,inside,0.0063243927
neg,inside,0.0002830101
neg,inside,0.029363895
neg,inside,0.06632437
neg,inside,0.47646442
neg,inside,0.00029962853
neg,inside,0.2104684
neg,inside,0.0010048707
neg,inside,0.11763586
neg,inside,0.20646253
neg,inside,0.15935479
neg,inside,0.070358485
neg,inside,0.00043387635
neg,inside,0.0014428225
neg,inside,0.08538366
neg,inside,0.17303893
neg,inside,0.011304579
neg,inside,0.00022425475
neg,inside,0.0018482665
neg,inside,0.11398294
neg,inside,0.19705261
neg,inside,0.0005684021
neg,inside,0.08123371
neg,inside,0.057734754
neg,inside,0.05414906
neg,inside,0.0760793
neg,inside,0.09465201
neg,inside,0.08644727
neg,inside,0.00540919
neg,inside,0.12711866
neg,inside,0.0031108963
neg,inside,0.0014677516
neg,inside,0.0012631072
neg,inside,0.00061264035
neg,inside,0.077800855
neg,inside,0.0004862272
neg,inside,0.000254416
neg,inside,0.0042747245
neg,inside,0.001617279
neg,inside,0.00028017795
neg,inside,0.20209014
neg,inside,0.07345575
neg,inside,0.20766947
neg,inside,0.059512522
neg,inside,0.11792789
neg,inside,0.07923273
neg,inside,0.07458273
neg,inside,0.14439556
neg,inside,0.07241613
neg,inside,0.1190119
neg,inside,0.11237468
neg,inside,0.0063438765
neg,inside,0.0048062885
neg,inside,0.25609112
neg,inside,0.08053592
neg,inside,0.10315904
neg,inside,0.0379658
neg,inside,0.012567761
neg,inside,0.30743673
neg,inside,0.00019528315
neg,inside,0.019562578
neg,inside,0.0003014247
neg,inside,0.0037432292
neg,inside,0.00033639043
neg,inside,0.00461929
neg,inside,0.0032963178
neg,inside,0.1968024
neg,inside,0.22926089
neg,inside,0.14135939
neg,inside,0.20717034
neg,inside,0.16511005
neg,inside,0.00063643453
neg,inside,0.1563668
neg,inside,0.03284866
neg,inside,0.00050542684
neg,inside,0.097224645
neg,inside,0.0012232029
neg,inside,0.0064321756
neg,inside,0.042599224
neg,inside,0.13964465
neg,inside,0.0033129342
neg,inside,0.03704607
neg,inside,0.118549325
neg,inside,0.0017757078
neg,inside,0.20480153
neg,inside,0.0024723255
neg,inside,0.12788801
neg,inside,0.00029708177
neg,inside,0.0019617083
neg,inside,0.018746797
neg,inside,0.19684853
neg,inside,0.0021257931
neg,inside,0.03819029
neg,inside,0.0043972456
neg,inside,0.06934761
neg,inside,0.13306865
neg,inside,0.0024645834
neg,inside,0.13575915
neg,inside,0.024408024
neg,inside,0.1694188
neg,inside,0.09477809
neg,inside,0.00035278
neg,inside,0.06844776
neg,inside,0.025781177
neg,inside,0.16969705
neg,inside,0.0003348305
neg,inside,0.22383015
neg,inside,0.00032234192
neg,inside,0.15389152
neg,inside,0.0002781338
neg,inside,0.003945293
neg,inside,0.17410767
neg,inside,0.01666646
neg,inside,0.0012115177
neg,inside,0.14989024
neg,inside,0.0008770776
neg,inside,0.10363112
neg,inside,0.18868625
neg,inside,0.12158323
neg,inside,0.11370295
neg,inside,0.18075697
neg,inside,0.0005765973
neg,inside,0.17611831
neg,inside,0.11579278
neg,inside,0.0010974907
neg,inside,0.05707654
neg,inside,0.0003272548
neg,inside,0.11357029
neg,inside,0.04570523
neg,inside,0.046871293
neg,inside,0.00023609295
neg,inside,0.00041760338
neg,inside,0.0002117735
neg,inside,0.1911224
neg,inside,0.00088442414
neg,inside,0.18584935
neg,inside,0.060556483
neg,inside,0.0002162833
neg,inside,0.0010416447
neg,inside,0.030639894
neg,inside,0.21654586
neg,inside,0.0022715197
neg,inside,0.1524418
neg,inside,0.006060153
neg,inside,0.07898306
neg,inside,0.0009267037
neg,inside,0.0030438446
neg,inside,0.1493446
neg,inside,0.0021706892
neg,inside,0.0468292
neg,inside,0.12363697
neg,inside,0.01909733
neg,inside,0.12908415
neg,inside,0.24872665
neg,inside,0.00025773424
neg,inside,0.00036321545
neg,inside,0.0004360155
neg,inside,0.029210001
neg,inside,0.00031833936
neg,inside,0.0019398041
neg,inside,0.19147196
neg,inside,0.0002578608
neg,inside,0.20242642
neg,inside,0.14078945
neg,inside,0.00044083595
neg,inside,0.17574468
neg,inside,0.005542885
neg,inside,0.0014015159
neg,inside,0.059841864
neg,inside,0.21742806
neg,inside,0.0007984781
neg,inside,0.16798349
neg,inside,0.0022396876
neg,inside,0.04453136
neg,inside,0.036611136
neg,inside,0.00020828246
neg,inside,0.014177831
neg,inside,0.00024735334
neg,inside,0.11686412
neg,inside,0.12002269
neg,inside,0.05694139
neg,inside,0.07012949
neg,inside,0.09624167
neg,inside,0.00028765644
neg,inside,0.0011620868
neg,inside,0.0060765194
neg,inside,0.078334376
neg,inside,0.000897432
neg,inside,0.13981706
neg,inside,0.0016061565
neg,inside,0.13886853
neg,inside,0.23339713
neg,inside,0.00477457
neg,inside,0.13437635
neg,inside,0.04680884
neg,inside,0.009337954
neg,inside,0.0002746208
neg,inside,0.06321255
neg,inside,0.063988656
neg,inside,0.15660928
neg,inside,0.0011935711
neg,inside,0.15562266
neg,inside,0.06786548
neg,inside,0.0026334354
neg,inside,0.05891395
neg,inside,0.17730427
neg,inside,0.0010337332
neg,inside,0.19928133
neg,inside,0.031997092
neg,inside,0.00072015857
neg,inside,0.16389278
neg,inside,0.0032559498
neg,inside,0.0113522615
neg,inside,0.24088311
neg,inside,0.13276577
neg,inside,0.18137743
neg,inside,0.00017504257
neg,inside,0.06401049
neg,inside,0.00030171243
neg,inside,0.22883862
neg,inside,0.2228289
neg,inside,0.09489911
neg,inside,0.00064733287
neg,inside,0.083964564
neg,inside,0.0003599702
neg,inside,0.092262216
neg,inside,0.10978562
neg,inside,0.07306714
neg,inside,0.03939262
neg,inside,0.18089744
neg,inside,0.002110981
neg,inside,0.13146701
neg,inside,0.01875035
neg,inside,0.0156833
neg,inside,0.039984696
neg,inside,0.17834471
neg,inside,0.04724758
neg,inside,0.051349003
neg,inside,0.0006181118
neg,inside,0.06781742
neg,inside,0.0008647305
neg,inside,0.18178955
neg,inside,0.18212971
neg,inside,0.17507572
neg,inside,0.00040649236
neg,inside,0.095476635
neg,inside,0.10319955
neg,inside,0.059913464
neg,inside,0.2880547
neg,inside,0.03138426
neg,inside,0.15432568
neg,inside,0.001328566
neg,inside,0.0001820173
neg,inside,0.029070085
neg,inside,0.00042648026
neg,inside,0.0004855303
neg,inside,0.10786817
neg,inside,0.07055629
neg,inside,0.29770488
neg,inside,0.16399184
neg,inside,0.0003359318
neg,inside,0.0014962355
neg,inside,0.11191365
neg,inside,0.05893818
neg,inside,0.1618202
neg,inside,0.12694404
neg,inside,0.0754425
neg,inside,0.17727953
neg,inside,0.0068670907
neg,inside,0.00031845155
neg,inside,0.0015712866
neg,inside,0.017319264
neg,inside,0.25521177
neg,inside,0.13520443
neg,inside,0.20211242
neg,inside,0.00024037612
neg,inside,0.19208723
neg,inside,0.10799605
neg,inside,0.0017775561
neg,inside,0.15852161
neg,inside,0.14093253
neg,inside,0.09084463
neg,inside,0.015749322
neg,inside,0.14211223
neg,inside,0.030901898
neg,inside,0.003770746
neg,inside,0.23701169
neg,inside,0.07055107
neg,inside,0.15200211
neg,inside,0.0868037
neg,inside,0.003572426
neg,inside,0.5080075
neg,inside,0.00034910368
neg,inside,0.14149188
neg,inside,0.0015108224
neg,inside,0.06941072
neg,inside,0.000439391
neg,inside,0.071819976
neg,inside,0.008884771
neg,inside,0.008708963
neg,inside,0.12342636
neg,inside,0.16163398
neg,inside,0.121780135
neg,inside,0.0004453063
neg,inside,0.00079332985
neg,inside,0.0015982115
neg,inside,0.00029790401
neg,inside,0.09872836
neg,inside,0.1297878
neg,inside,0.054426484
neg,inside,0.0030618452
neg,inside,0.0002867858
neg,inside,0.19899328
neg,inside,0.07293306
neg,inside,0.19833234
neg,inside,0.04603338
neg,inside,0.00063513295
neg,inside,0.008132166
neg,inside,0.18779549
neg,inside,0.013221827
neg,inside,0.13578673
neg,inside,0.15574184
neg,inside,0.0566552
neg,inside,0.07954462
neg,inside,0.013819578
neg,inside,0.0047517177
neg,inside,0.00021347997
neg,inside,0.00082222134
neg,inside,0.029137695
neg,inside,0.047653675
neg,inside,0.3722382
neg,inside,0.00082216406
neg,inside,0.034821443
neg,inside,0.000476506
neg,inside,0.0033379153
neg,inside,0.2659335
neg,inside,0.00054087106
neg,inside,0.0020997066
neg,inside,0.111792244
neg,inside,0.12517877
neg,inside,0.17730825
neg,inside,0.0016037389
neg,inside,0.17000796
neg,inside,0.20808348
neg,inside,0.00029057148
neg,inside,0.15172878
neg,inside,0.019189764
neg,inside,0.0009016238
neg,inside,0.0014195669
neg,inside,0.0772769
neg,inside,0.19414443
neg,inside,0.011311942
neg,inside,0.021687588
neg,inside,0.00076093856
neg,inside,0.16766411
neg,inside,0.0026301472
neg,inside,0.09611383
neg,inside,0.0006103743
neg,inside,0.0012814532
neg,inside,0.0052574086
neg,inside,0.19241823
neg,inside,0.15162691
neg,inside,0.002246833
neg,inside,0.012316632
neg,inside,0.0012616543
neg,inside,0.0005809933
neg,inside,0.16784275
neg,inside,0.15595058
neg,inside,0.0014551027
neg,inside,0.012288758
neg,inside,0.0014243311
neg,inside,0.0010650464
neg,inside,0.18308985
neg,inside,0.035393666
neg,inside,0.0003269116
neg,inside,0.23702808
neg,inside,0.010121173
neg,inside,0.0012505297
neg,inside,0.10506401
neg,inside,0.0840489
neg,inside,0.044156235
neg,inside,0.051799174
neg,inside,0.054524228
neg,inside,0.10351637
neg,inside,0.0008390366
neg,inside,0.00012499756
neg,inside,0.16081713
neg,inside,0.06383142
neg,inside,0.14170092
neg,inside,0.114215426
neg,inside,0.10204182
neg,inside,0.19156884
neg,inside,0.0008039651
neg,inside,0.20918012
neg,inside,0.00040983938
neg,inside,0.00023635227
neg,inside,0.001306887
neg,inside,0.0027954918
neg,inside,0.013218738
neg,inside,0.13764773
neg,inside,0.0004288548
neg,inside,0.00019728568
neg,inside,0.0342041
neg,inside,0.21257001
neg,inside,0.06865285
neg,inside,0.0013081896
neg,inside,0.2460209
neg,inside,0.31092477
neg,inside,0.06794722
neg,inside,0.13646463
neg,inside,0.098278776
neg,inside,0.00025319296
neg,inside,0.25501335
neg,inside,0.12724136
neg,inside,0.052266713
neg,inside,0.13573724
neg,inside,0.3098982
neg,inside,0.18859673
neg,inside,0.033726934
neg,inside,0.053835794
neg,inside,0.0015711072
neg,inside,0.1176691
neg,inside,0.2253643
neg,inside,0.054314345
neg,inside,0.1301394
neg,inside,0.10471348
neg,inside,0.0004962147
neg,inside,0.10488758
neg,inside,0.172589
neg,inside,0.06704734
neg,inside,0.06286727
neg,inside,0.13505906
neg,inside,0.0005918836
neg,inside,0.043489162
neg,inside,0.00042614184
neg,inside,0.00020535791
neg,inside,0.0014322071
neg,inside,0.23097403
neg,inside,0.0014449209
neg,inside,0.00027277975
neg,inside,0.00062886876
neg,outside,0.026177874
neg,outside,0.00043878495
neg,outside,0.04205857
neg,outside,0.0044802823
neg,outside,0.06513926
neg,outside,0.034194175
neg,outside,0.011895162
neg,outside,0.052223388
neg,outside,0.0008218099
neg,outside,0.0077502644
neg,outside,0.036290847
neg,outside,0.14553271
neg,outside,0.0012786087
neg,outside,0.0015374587
neg,outside,0.00077821023
neg,outside,0.00023935942
neg,outside,0.0544393
neg,outside,0.056092676
neg,outside,0.10612814
neg,outside,0.07268827
neg,outside,0.07095189
neg,outside,0.060531285
neg,outside,0.090787366
neg,outside,0.0010806454
neg,outside,0.0031256622
neg,outside,0.02935449
neg,outside,0.0002405318
neg,outside,0.074625365
neg,outside,0.042423997
neg,outside,0.00051487953
neg,outside,0.06700501
neg,outside,0.00041658527
neg,outside,0.0005882591
neg,outside,0.0008703726
neg,outside,0.010872914
neg,outside,0.08678801
neg,outside,0.0005162305
neg,outside,0.07970403
neg,outside,0.051925786
neg,outside,0.07983757
neg,outside,0.00032139738
neg,outside,0.0012347715
neg,outside,0.000830552
neg,outside,0.050023787
neg,outside,0.011335194
neg,outside,0.00022514685
neg,outside,0.00018550818
neg,outside,0.01016498
neg,outside,0.020379988
neg,outside,0.0005824114
neg,outside,0.07386845
neg,outside,0.0437841
neg,outside,0.07933381
neg,outside,0.041061457
neg,outside,0.06849649
neg,outside,0.00096150674
neg,outside,0.06039224
neg,outside,0.0006424889
neg,outside,0.077976905
neg,outside,0.033252392
neg,outside,0.0067578056
neg,outside,0.037426867
neg,outside,0.061407633
neg,outside,0.058209803
neg,outside,0.026505802
neg,outside,0.086378045
neg,outside,0.0003073753
neg,outside,0.053479623
neg,outside,0.027896786
neg,outside,0.081320524
neg,outside,0.00082231994
neg,outside,0.0003803811
neg,outside,0.026037056
neg,outside,0.05516654
neg,outside,0.0666596
neg,outside,0.00017263304
neg,outside,0.0016732112
neg,outside,0.0017528293
neg,outside,0.031284757
neg,outside,0.04232774
neg,outside,0.00020203575
neg,outside,0.046561133
neg,outside,0.00027916033
neg,outside,0.00021296948
neg,outside,0.06303786
neg,outside,0.0002764735
neg,outside,0.06776043
neg,outside,0.034581
neg,outside,0.040309586
neg,outside,0.036216304
neg,outside,0.06620215
neg,outside,0.000588775
neg,outside,0.002274203
neg,outside,0.04929393
neg,outside,0.08390898
neg,outside,0.013253463
neg,outside,0.049961634
neg,outside,0.07791759
neg,outside,0.073679276
neg,outside,0.065538935
neg,outside,0.00033067583
neg,outside,0.00033773578
neg,outside,0.020418746
neg,outside,0.00017653809
neg,outside,0.00022034816
neg,outside,0.00031204635
neg,outside,0.0027857781
neg,outside,0.00020660165
neg,outside,0.07750687
neg,outside,0.06424149
neg,outside,0.026170895
neg,outside,0.06842667
neg,outside,0.0003654094
neg,outside,0.010617218
neg,outside,0.00085994217
neg,outside,0.0003166988
neg,outside,0.060971018
neg,outside,0.031975433
neg,outside,0.06958959
neg,outside,0.05845624
neg,outside,0.03428456
neg,outside,0.0014652767
neg,outside,0.14225832
neg,outside,0.025970893
neg,outside,0.0007517913
neg,outside,0.061290506
neg,outside,0.05274741
neg,outside,0.019047394
neg,outside,0.000682756
neg,outside,0.053791434
neg,outside,0.0005364919
neg,outside,0.008716501
neg,outside,0.00024063697
neg,outside,0.00020023364
neg,outside,0.00032566758
neg,outside,0.020924402
neg,outside,0.048103057
neg,outside,0.005351995
neg,outside,0.00024914488
neg,outside,0.0003166456
neg,outside,0.04812451
neg,outside,0.065834045
neg,outside,0.06353836
neg,outside,0.0001454954
neg,outside,0.057473265
neg,outside,0.00040561156
neg,outside,0.11770717
neg,outside,0.00087578694
neg,outside,0.048623145
neg,outside,0.08333162
neg,outside,0.0006935857
neg,outside,0.046480417
neg,outside,0.00022649716
neg,outside,0.07640624
neg,outside,0.0010489905
neg,outside,0.0004515638
neg,outside,0.024738848
neg,outside,0.004934664
neg,outside,0.014076031
neg,outside,0.002743667
neg,outside,0.03032373
neg,outside,0.051340517
neg,outside,0.00024737025
neg,outside,0.00030747853
neg,outside,0.0008785581
neg,outside,0.00031114396
neg,outside,0.026543496
neg,outside,0.007906263
neg,outside,0.030038966
neg,outside,0.04928115
neg,outside,0.00022237092
neg,outside,0.0009913478
neg,outside,0.04828084
neg,outside,0.059355725
neg,outside,0.00019217399
neg,outside,0.048701286
neg,outside,0.074879505
neg,outside,0.013586242
neg,outside,0.002112289
neg,outside,0.06663213
neg,outside,0.033665877
neg,outside,0.06836956
neg,outside,0.00065123104
neg,outside,0.10848126
neg,outside,0.03271951
neg,outside,0.030467412
neg,outside,0.038001888
neg,outside,0.00028490426
neg,outside,0.033424493
neg,outside,0.0034329947
neg,outside,0.01793173
neg,outside,0.036474414
neg,outside,0.013410177
neg,outside,0.0005674976
neg,outside,0.049038965
neg,outside,0.00028362442
neg,outside,0.0008304447
neg,outside,0.034664452
neg,outside,0.00025393907
neg,outside,0.00024911322
neg,outside,0.0007658902
neg,outside,0.02390373
neg,outside,0.0009810771
neg,outside,0.0068988553
neg,outside,0.06774347
neg,outside,0.06708956
neg,outside,0.06611507
neg,outside,0.06718169
neg,outside,0.034730658
neg,outside,0.030948313
neg,outside,0.081992865
neg,outside,0.040386602
neg,outside,0.00022022857
neg,outside,0.00082003727
neg,outside,0.026073484
neg,outside,0.017018186
neg,outside,0.03750076
neg,outside,0.03601221
neg,outside,0.0003030881
neg,outside,0.00023278316
neg,outside,0.0011057259
neg,outside,0.034872815
neg,outside,0.026688298
neg,outside,0.05083847
neg,outside,0.0026669763
neg,outside,0.00022028896
neg,outside,0.040392008
neg,outside,0.06469943
neg,outside,0.06578699
neg,outside,0.0013742188
neg,outside,0.040066514
neg,outside,0.053217188
neg,outside,0.04869362
neg,outside,0.052327394
neg,outside,0.04420253
neg,outside,0.0011209577
neg,outside,0.04863443
neg,outside,0.073396
neg,outside,0.047786634
neg,outside,0.00030474103
neg,outside,0.047118284
neg,outside,0.059721995
neg,outside,0.05569853
neg,outside,0.013326631
neg,outside,0.06553632
neg,outside,0.05545366
neg,outside,0.07394254
neg,outside,0.102178596
neg,outside,0.01929105
neg,outside,0.056942895
neg,outside,0.023928473
neg,outside,0.003988399
neg,outside,0.042393293
neg,outside,0.018144613
neg,outside,0.06867507
neg,outside,0.00019459469
neg,outside,0.007341318
neg,outside,0.026586687
neg,outside,0.0148635525
neg,outside,0.000893127
neg,outside,0.00021615985
neg,outside,0.08082011
neg,outside,0.113377705
neg,outside,0.0195454
neg,outside,0.062456407
neg,outside,0.026240619
neg,outside,0.027129928
neg,outside,0.07535741
neg,outside,0.036860444
neg,outside,0.0008950702
neg,outside,0.07590679
neg,outside,0.00028579027
neg,outside,0.00029490708
neg,outside,0.0780141
neg,outside,0.00042782348
neg,outside,0.0010455035
neg,outside,0.06232352
neg,outside,0.027356949
neg,outside,0.06300499
neg,outside,0.0009191611
neg,outside,0.00020910702
neg,outside,0.05685575
neg,outside,0.032439068
neg,outside,0.00034504023
neg,outside,0.06837869
neg,outside,0.0009740474
neg,outside,0.054980308
neg,outside,0.0021416836
neg,outside,0.035705276
neg,outside,0.031888176
neg,outside,0.00020483756
neg,outside,0.002089798
neg,outside,0.046189316
neg,outside,0.036256388
neg,outside,0.00037539526
neg,outside,0.059634067
neg,outside,0.064140685
neg,outside,0.0013242817
neg,outside,0.0010491201
neg,outside,0.0001950928
neg,outside,0.00030390784
neg,outside,0.00073572854
neg,outside,0.0016377365
neg,outside,0.039536912
neg,outside,0.00025345766
neg,outside,0.002036503
neg,outside,0.054545216
neg,outside,0.011302866
neg,outside,0.0010056982
neg,outside,0.15992214
neg,outside,0.0011782608
neg,outside,0.046998188
neg,outside,0.046328336
neg,outside,0.054430656
neg,outside,0.06121427
neg,outside,0.00023111395
neg,outside,0.044899195
neg,outside,0.05344159
neg,outside,0.05757191
neg,outside,0.06199925
neg,outside,0.067183815
neg,outside,0.0011846137
neg,outside,0.023996592
neg,outside,0.00023554133
neg,outside,0.053663544
neg,outside,0.04550755
neg,outside,0.0004370926
neg,outside,0.00030468835
neg,outside,0.0008754435
neg,outside,0.00069050567
neg,outside,0.02747995
neg,outside,0.03661885
neg,outside,0.028322117
neg,outside,0.056244887
neg,outside,0.00028135043
neg,outside,0.0007003207
neg,outside,0.08953812
neg,outside,0.046836086
neg,outside,0.0018123767
neg,outside,0.062862605
neg,outside,0.0008605612
neg,outside,0.00019425926
neg,outside,0.063096024
neg,outside,0.034592178
neg,outside,0.062474288
neg,outside,0.0030253744
neg,outside,0.000189613
neg,outside,0.058831647
neg,outside,0.012434277
neg,outside,0.064608485
neg,outside,0.00079152914
neg,outside,0.02987935
neg,outside,0.07276194
neg,outside,0.01517102
neg,outside,0.060581822
neg,outside,0.064928524
neg,outside,0.050906394
neg,outside,0.041527305
neg,outside,0.026624955
neg,outside,0.061958563
neg,outside,0.040914144
neg,outside,0.0006631023
neg,outside,0.001677742
neg,outside,0.11603142
neg,outside,0.029104866
neg,outside,0.02520513
neg,outside,0.050338257
neg,outside,0.0008184701
neg,outside,0.00019813325
neg,outside,0.05713207
neg,outside,0.00044792087
neg,outside,0.044550132
neg,outside,0.057133023
neg,outside,0.00023338693
neg,outside,0.0013844734
neg,outside,0.045552414
neg,outside,0.036630563
neg,outside,0.0037223527
neg,outside,0.027944427
neg,outside,0.08039812
neg,outside,0.048338834
neg,outside,0.00056911557
neg,outside,0.0016482096
neg,outside,0.004264017
neg,outside,0.0013869981
neg,outside,0.001548394
neg,outside,0.000736589
neg,outside,0.00089089316
neg,outside,0.07918527
neg,outside,0.00093389914
neg,outside,0.0012253798
neg,outside,0.0043033133
neg,outside,0.02379849
neg,outside,0.004069246
neg,outside,0.061331563
neg,outside,0.07338865
neg,outside,0.00019371737
neg,outside,0.05734989
neg,outside,0.07408231
neg,outside,0.046677824
neg,outside,0.006870248
neg,outside,0.04056961
neg,outside,0.009268613
neg,outside,0.032227263
neg,outside,0.0006003718
neg,outside,0.00018465312
neg,outside,0.0006192173
neg,outside,0.0050800857
neg,outside,0.089801416
neg,outside,0.00045379667
neg,outside,0.0003022763
neg,outside,0.02299237
neg,outside,0.021532224
neg,outside,0.00033918163
neg,outside,0.07119223
neg,outside,0.041927584
neg,outside,0.0010638814
neg,outside,0.00086776493
neg,outside,0.0002654684
neg,outside,0.047362797
neg,outside,0.04936815
neg,outside,0.10454344
neg,outside,0.0009427658
neg,outside,0.0854981
neg,outside,0.0021478548
neg,outside,0.022658695
neg,outside,0.00060154486
neg,outside,0.00017766825
neg,outside,0.00056839024
neg,outside,0.00090816716
neg,outside,0.057688814
neg,outside,0.09779956
neg,outside,0.06817725
neg,outside,0.023474043
neg,outside,0.057391737
neg,outside,0.04263483
neg,outside,0.028533604
neg,outside,0.0019419586
neg,outside,0.02687208
neg,outside,0.0009791498
neg,outside,0.026459465
neg,outside,0.0008074893
neg,outside,0.07546168
neg,outside,0.00084450643
neg,outside,0.008075901
neg,outside,0.03820496
neg,outside,0.0011018915
neg,outside,0.055399965
neg,outside,0.020573402
neg,outside,0.03145174
neg,outside,0.00026420673
neg,outside,0.0010378587
neg,outside,0.076005526
neg,outside,0.03072444
neg,outside,0.03661671
neg,outside,0.0010749111
neg,outside,0.00045211054
neg,outside,0.09649562
neg,outside,0.08711031
neg,outside,0.05206676
neg,outside,0.074193634
neg,outside,0.03705903
neg,outside,0.00066238665
neg,outside,0.00023610707
neg,outside,0.042407457
neg,outside,0.0498102
neg,outside,0.07825446
neg,outside,0.0007050344
neg,outside,0.071419254
neg,outside,0.028557438
neg,outside,0.12912948
neg,outside,0.043202423
neg,outside,0.07692305
neg,outside,0.0014449662
neg,outside,0.0002917473
neg,outside,0.020071803
neg,outside,0.00018432953
neg,outside,0.004196122
neg,outside,0.005586054
neg,outside,0.03496711
neg,outside,0.08109135
neg,outside,0.058040168
neg,outside,0.00041344576
neg,outside,0.024522446
neg,outside,0.037385203
neg,outside,0.040336028
neg,outside,0.05146815
neg,outside,0.017881244
neg,outside,0.022590747
neg,outside,0.00021584828
neg,outside,0.05431734
neg,outside,0.0005575907
neg,outside,0.0047424585
neg,outside,0.0056005926
neg,outside,0.0014545994
neg,outside,0.08448534
neg,outside,0.029768666
neg,outside,0.0022700261
neg,outside,0.032002293
neg,outside,0.0950985
neg,outside,0.0007279452
neg,outside,0.0004809704
neg,outside,0.00021606515
neg,outside,0.004771208
neg,outside,0.043481603
neg,outside,0.06840761
neg,outside,0.0015912913
neg,outside,0.051086985
neg,outside,0.04321046
neg,outside,0.057952173
neg,outside,0.00036677346
neg,outside,0.025112893
neg,outside,0.065927975
neg,outside,0.0034891085
neg,outside,0.06180284
neg,outside,0.0898267
neg,outside,0.00019386425
neg,outside,0.06731833
neg,outside,0.0016222554
neg,outside,0.063526735
neg,outside,0.00019245889
neg,outside,0.00036800973
neg,outside,0.055487707
neg,outside,0.008870402
neg,outside,0.00021252391
neg,outside,0.0008578827
neg,outside,0.00022124326
neg,outside,0.08837354
neg,outside,0.011006476
neg,outside,0.021157332
neg,outside,0.029173495
neg,outside,0.02717784
neg,outside,0.0010053888
neg,outside,0.028928392
neg,outside,0.0386777
neg,outside,0.03911772
neg,outside,0.0065138596
neg,outside,0.016434807
neg,outside,0.05720656
neg,outside,0.015425022
neg,outside,0.053501874
neg,outside,0.02383236
neg,outside,0.0005577634
neg,outside,0.08412451
neg,outside,0.0011067103
neg,outside,0.004888419
neg,outside,0.047862228
neg,outside,0.018829009
neg,outside,0.07845944
neg,outside,0.012587799
neg,outside,0.043723427
neg,outside,0.050533876
neg,outside,0.0007940632
neg,outside,0.1062931
neg,outside,0.043808207
neg,outside,0.06795229
neg,outside,0.008439513
neg,outside,0.00020650352
neg,outside,0.014529843
neg,outside,0.0032538828
neg,outside,0.00020617503
neg,outside,0.013266414
neg,outside,0.03644889
neg,outside,0.11324054
neg,outside,0.0002710138
neg,outside,0.066721864
neg,outside,0.00071636064
neg,outside,0.074338146
neg,outside,0.060367014
neg,outside,0.06531773
neg,outside,0.024442567
neg,outside,0.00032780602
neg,outside,0.001269612
neg,outside,0.03240754
neg,outside,0.0685789
neg,outside,0.007293133
neg,outside,0.00021077704
neg,outside,0.0011557512
neg,outside,0.07231635
neg,outside,0.08303326
neg,outside,0.00029113732
neg,outside,0.04697384
neg,outside,0.029576885
neg,outside,0.029929778
neg,outside,0.042815395
neg,outside,0.06326579
neg,outside,0.06545274
neg,outside,0.004696985
neg,outside,0.06055029
neg,outside,0.0012932062
neg,outside,0.0008261785
neg,outside,0.0007268309
neg,outside,0.00033093576
neg,outside,0.03179365
neg,outside,0.0003699721
neg,outside,0.00021766646
neg,outside,0.00253952
neg,outside,0.00083157106
neg,outside,0.00023681905
neg,outside,0.052237317
neg,outside,0.053821817
neg,outside,0.07581099
neg,outside,0.031988718
neg,outside,0.04371186
neg,outside,0.051817413
neg,outside,0.028041638
neg,outside,0.06244882
neg,outside,0.03593456
neg,outside,0.027933491
neg,outside,0.061401032
neg,outside,0.004248634
neg,outside,0.0030248365
neg,outside,0.07848506
neg,outside,0.046859697
neg,outside,0.0526768
neg,outside,0.03183186
neg,outside,0.006183856
neg,outside,0.09154993
neg,outside,0.00021199248
neg,outside,0.019425767
neg,outside,0.00026694092
neg,outside,0.0019361331
neg,outside,0.00016463482
neg,outside,0.0020043836
neg,outside,0.001590079
neg,outside,0.117610365
neg,outside,0.059595644
neg,outside,0.06437734
neg,outside,0.079535164
neg,outside,0.10962071
neg,outside,0.0002866589
neg,outside,0.060801506
neg,outside,0.030285932
neg,outside,0.0003561772
neg,outside,0.057115264
neg,outside,0.0006094963
neg,outside,0.003606348
neg,outside,0.021589981
neg,outside,0.05306996
neg,outside,0.0018373445
neg,outside,0.021070603
neg,outside,0.054831803
neg,outside,0.0011639022
neg,outside,0.059712254
neg,outside,0.00075186015
neg,outside,0.05589174
neg,outside,0.00022433932
neg,outside,0.00085751177
neg,outside,0.012662172
neg,outside,0.063777
neg,outside,0.0014577231
neg,outside,0.027980618
neg,outside,0.0032753279
neg,outside,0.03619915
neg,outside,0.06558091
neg,outside,0.0015749038
neg,outside,0.051183064
neg,outside,0.014403588
neg,outside,0.07892219
neg,outside,0.03753795
neg,outside,0.00024775762
neg,outside,0.038701404
neg,outside,0.017389094
neg,outside,0.05831587
neg,outside,0.00023520106
neg,outside,0.08400624
neg,outside,0.00018413455
neg,outside,0.069269724
neg,outside,0.00019148215
neg,outside,0.0024267845
neg,outside,0.060990795
neg,outside,0.012288696
neg,outside,0.00092516554
neg,outside,0.07033418
neg,outside,0.0006383419
neg,outside,0.051384494
neg,outside,0.05614247
neg,outside,0.08538881
neg,outside,0.0608934
neg,outside,0.06951778
neg,outside,0.00021868991
neg,outside,0.0446063
neg,outside,0.055164475
neg,outside,0.000271609
neg,outside,0.02126861
neg,outside,0.00018104854
neg,outside,0.03618601
neg,outside,0.02540356
neg,outside,0.019321056
neg,outside,0.00019981242
neg,outside,0.00031431805
neg,outside,0.0004157981
neg,outside,0.055031598
neg,outside,0.0003553957
neg,outside,0.05255554
neg,outside,0.02961728
neg,outside,0.00027718674
neg,outside,0.0005165223
neg,outside,0.022431092
neg,outside,0.068632066
neg,outside,0.0018379888
neg,outside,0.0445033
neg,outside,0.0057739513
neg,outside,0.029591499
neg,outside,0.0003990436
neg,outside,0.0010797211
neg,outside,0.07889524
neg,outside,0.0011778242
neg,outside,0.024265265
neg,outside,0.04151806
neg,outside,0.012464963
neg,outside,0.050642025
neg,outside,0.07079842
neg,outside,0.00016967999
neg,outside,0.0002618802
neg,outside,0.00033406695
neg,outside,0.018518804
neg,outside,0.00021443957
neg,outside,0.001299124
neg,outside,0.07776768
neg,outside,0.00022469903
neg,outside,0.07311912
neg,outside,0.069153756
neg,outside,0.00033372617
neg,outside,0.0554804
neg,outside,0.004445016
neg,outside,0.00094678067
neg,outside,0.022505648
neg,outside,0.090629295
neg,outside,0.00035383634
neg,outside,0.06517581
neg,outside,0.0013315266
neg,outside,0.018352114
neg,outside,0.030672468
neg,outside,0.00018856865
neg,outside,0.0073545636
neg,outside,0.00015583952
neg,outside,0.064861536
neg,outside,0.048088364
neg,outside,0.030053519
neg,outside,0.030678103
neg,outside,0.053706028
neg,outside,0.00025478718
neg,outside,0.00084372674
neg,outside,0.001890064
neg,outside,0.044523943
neg,outside,0.00082526804
neg,outside,0.06392576
neg,outside,0.00075817836
neg,outside,0.06660387
neg,outside,0.08193675
neg,outside,0.0025295853
neg,outside,0.039427612
neg,outside,0.02113265
neg,outside,0.007812867
neg,outside,0.00021900423
neg,outside,0.03509625
neg,outside,0.03594117
neg,outside,0.056147337
neg,outside,0.00061950623
neg,outside,0.08176001
neg,outside,0.03455671
neg,outside,0.0012075943
neg,outside,0.02947224
neg,outside,0.09201826
neg,outside,0.00049299444
neg,outside,0.07223134
neg,outside,0.023193372
neg,outside,0.00057375064
neg,outside,0.07622079
neg,outside,0.0016929684
neg,outside,0.0066569005
neg,outside,0.109701306
neg,outside,0.061104335
neg,outside,0.06411096
neg,outside,0.0001946994
neg,outside,0.031096408
neg,outside,0.00019845403
neg,outside,0.0633452
neg,outside,0.110548384
neg,outside,0.057256617
neg,outside,0.00032008532
neg,outside,0.026549319
neg,outside,0.00023272554
neg,outside,0.03830675
neg,outside,0.06385125
neg,outside,0.020278415
neg,outside,0.02132408
neg,outside,0.08319353
neg,outside,0.0009154489
neg,outside,0.0683711
neg,outside,0.0096270805
neg,outside,0.0069913636
neg,outside,0.027052728
neg,outside,0.05395794
neg,outside,0.023934972
neg,outside,0.019717481
neg,outside,0.00039143657
neg,outside,0.042032667
neg,outside,0.00042763143
neg,outside,0.059329666
neg,outside,0.055276096
neg,outside,0.09248209
neg,outside,0.00034276184
neg,outside,0.029723654
neg,outside,0.036548167
neg,outside,0.0331018
neg,outside,0.06679588
neg,outside,0.009830897
neg,outside,0.056701537
neg,outside,0.0009676922
neg,outside,0.00017956297
neg,outside,0.015782114
neg,outside,0.00025233914
neg,outside,0.00028200887
neg,outside,0.061289605
neg,outside,0.04167879
neg,outside,0.101591386
neg,outside,0.070305884
neg,outside,0.00023973071
neg,outside,0.00090681855
neg,outside,0.08450225
neg,outside,0.031945743
neg,outside,0.06337153
neg,outside,0.058217477
neg,outside,0.026488643
neg,outside,0.06375186
neg,outside,0.0050864257
neg,outside,0.0001804243
neg,outside,0.00053104205
neg,outside,0.0132798795
neg,outside,0.07179839
neg,outside,0.065048754
neg,outside,0.077783875
neg,outside,0.00018111094
neg,outside,0.072471984
neg,outside,0.06588275
neg,outside,0.0009110395
neg,outside,0.0405756
neg,outside,0.05407364
neg,outside,0.03376624
neg,outside,0.022866243
neg,outside,0.06594396
neg,outside,0.011180156
neg,outside,0.0016105687
neg,outside,0.08883998
neg,outside,0.03334913
neg,outside,0.054168582
neg,outside,0.040441085
neg,outside,0.0028905277
neg,outside,0.09105817
neg,outside,0.00024338267
neg,outside,0.062270127
neg,outside,0.00096670625
neg,outside,0.048803363
neg,outside,0.00023324222
neg,outside,0.027789766
neg,outside,0.010681475
neg,outside,0.006881473
neg,outside,0.059886962
neg,outside,0.060426682
neg,outside,0.083653964
neg,outside,0.00041090816
neg,outside,0.00048769044
neg,outside,0.00082982687
neg,outside,0.00023047943
neg,outside,0.014911886
neg,outside,0.04834367
neg,outside,0.03557945
neg,outside,0.0014456185
neg,outside,0.00023715413
neg,outside,0.06913772
neg,outside,0.030777743
neg,outside,0.07483821
neg,outside,0.024043933
neg,outside,0.00021104995
neg,outside,0.005607365
neg,outside,0.0787547
neg,outside,0.010655195
neg,outside,0.069343835
neg,outside,0.06922314
neg,outside,0.035878908
neg,outside,0.048681878
neg,outside,0.011977628
neg,outside,0.0055681244
neg,outside,0.00023682133
neg,outside,0.00048800252
neg,outside,0.009345865
neg,outside,0.031937674
neg,outside,0.12801315
neg,outside,0.00041805557
neg,outside,0.012786428
neg,outside,0.00029818347
neg,outside,0.0012857941
neg,outside,0.09294205
neg,outside,0.000372107
neg,outside,0.0015649319
neg,outside,0.051439986
neg,outside,0.06272188
neg,outside,0.054102052
neg,outside,0.00072125485
neg,outside,0.06233199
neg,outside,0.05862536
neg,outside,0.0001907795
neg,outside,0.052218106
neg,outside,0.011898037
neg,outside,0.0004676585
neg,outside,0.0017891913
neg,outside,0.038417537
neg,outside,0.04428042
neg,outside,0.0072344686
neg,outside,0.012857347
neg,outside,0.00040431446
neg,outside,0.06658816
neg,outside,0.0010859338
neg,outside,0.038941137
neg,outside,0.00045871083
neg,outside,0.0004668873
neg,outside,0.0021262316
neg,outside,0.064597145
neg,outside,0.076515675
neg,outside,0.0014854365
neg,outside,0.006071674
neg,outside,0.0006853965
neg,outside,0.0012126458
neg,outside,0.05714387
neg,outside,0.060630802
neg,outside,0.0011541578
neg,outside,0.0099029755
neg,outside,0.00044226772
neg,outside,0.00037461324
neg,outside,0.09518193
neg,outside,0.018464759
neg,outside,0.00019191978
neg,outside,0.06039061
neg,outside,0.006248906
neg,outside,0.00051018386
neg,outside,0.06006804
neg,outside,0.049714234
neg,outside,0.0201636
neg,outside,0.021551205
neg,outside,0.0117563745
neg,outside,0.07281665
neg,outside,0.0006817466
neg,outside,0.00019273796
neg,outside,0.062341817
neg,outside,0.04491352
neg,outside,0.05312771
neg,outside,0.064575166
neg,outside,0.039996136
neg,outside,0.057000354
neg,outside,0.0006618438
neg,outside,0.07007988
neg,outside,0.00036032285
neg,outside,0.00018954
neg,outside,0.0007912748
neg,outside,0.001595769
neg,outside,0.008514239
neg,outside,0.05464044
neg,outside,0.00045654504
neg,outside,0.00015887638
neg,outside,0.012439967
neg,outside,0.08016343
neg,outside,0.043695547
neg,outside,0.0005302631
neg,outside,0.12589587
neg,outside,0.085600555
neg,outside,0.023141632
neg,outside,0.056436766
neg,outside,0.041936055
neg,outside,0.00021030613
neg,outside,0.078842886
neg,outside,0.054558806
neg,outside,0.029059501
neg,outside,0.06612622
neg,outside,0.08165321
neg,outside,0.076723605
neg,outside,0.021022765
neg,outside,0.02569494
neg,outside,0.0013445319
neg,outside,0.07273087
neg,outside,0.061079178
neg,outside,0.025906986
neg,outside,0.048956778
neg,outside,0.033315513
neg,outside,0.00015684965
neg,outside,0.04211362
neg,outside,0.07794221
neg,outside,0.044700906
neg,outside,0.03335221
neg,outside,0.06180245
neg,outside,0.00032366157
neg,outside,0.027708277
neg,outside,0.0002505513
neg,outside,0.0001683611
neg,outside,0.00065549737
neg,outside,0.09538316
neg,outside,0.00051511516
neg,outside,0.00022801461
neg,outside,0.00053972664
